district,listing_id,price,rooms,bedrooms,area_sqm,price_per_sqm,district_number,housing_type
Lyon 1,1288945829,640000,4,3,124.0,5161.290322580645,1,T4+
Lyon 1,1287333558,179000,2,1,31.0,5774.193548387097,1,T2
Lyon 1,1288943166,359000,3,1,75.0,4786.666666666667,1,T3
Lyon 1,1289820295,199000,1,1,32.0,6218.75,1,Studio/T1
Lyon 1,1290193862,419000,3,2,68.0,6161.764705882353,1,T3
Lyon 1,1290183266,199000,1,1,39.0,5102.5641025641025,1,Studio/T1
Lyon 1,1289927196,399000,3,2,61.0,6540.983606557377,1,T3
Lyon 1,1289905443,299000,3,1,84.0,3559.5238095238096,1,T3
Lyon 1,1289828218,532000,4,3,90.0,5911.111111111111,1,T4+
Lyon 1,1289694276,315000,2,1,49.0,6428.571428571428,1,T2
Lyon 1,1289618483,119000,1,1,23.0,5173.913043478261,1,Studio/T1
Lyon 1,1289082278,310000,3,2,58.0,5344.827586206897,1,T3
Lyon 1,1290142288,440000,3,2,110.0,4000.0,1,T3
Lyon 1,1287702925,299000,2,1,53.0,5641.509433962264,1,T2
Lyon 1,1288749490,285000,2,1,49.0,5816.326530612245,1,T2
Lyon 1,1286858275,205000,2,1,40.0,5125.0,1,T2
Lyon 1,1288909436,520000,3,2,85.0,6117.64705882353,1,T3
Lyon 1,1287060678,258000,3,1,65.0,3969.230769230769,1,T3
Lyon 1,1286600210,1580000,7,4,339.0,4660.766961651917,1,T4+
Lyon 1,1288749731,145000,1,1,24.0,6041.666666666667,1,Studio/T1
Lyon 1,1287539609,334000,3,2,82.0,4073.170731707317,1,T3
Lyon 1,1290049790,1295000,6,5,261.0,4961.685823754789,1,T4+
Lyon 1,1287847809,309000,3,2,74.0,4175.675675675676,1,T3
Lyon 1,1288970677,139000,1,1,25.0,5560.0,1,Studio/T1
Lyon 1,1289231327,245000,1,1,45.0,5444.444444444444,1,Studio/T1
Lyon 1,1286851082,559000,3,1,110.0,5081.818181818182,1,T3
Lyon 1,1289998041,265000,1,1,47.0,5638.297872340426,1,Studio/T1
Lyon 1,1289998001,339000,3,2,74.0,4581.081081081081,1,T3
Lyon 1,1289973067,173500,1,1,28.0,6196.428571428572,1,Studio/T1
Lyon 1,1289972429,470000,4,3,175.0,2685.714285714286,1,T4+
Lyon 1,1289967761,238000,2,1,56.0,4250.0,1,T2
Lyon 1,1286327803,245000,2,1,43.0,5697.674418604651,1,T2
Lyon 1,1289952986,455000,4,3,87.0,5229.885057471264,1,T4+
Lyon 1,1290134626,645000,4,2,120.0,5375.0,1,T4+
Lyon 1,1289907815,185000,1,1,23.0,8043.478260869565,1,Studio/T1
Lyon 1,1288804593,345000,2,1,75.0,4600.0,1,T2
Lyon 1,1289863237,550000,5,3,109.0,5045.871559633028,1,T4+
Lyon 1,1289856287,450000,3,2,82.0,5487.804878048781,1,T3
Lyon 1,1289805116,485000,4,3,94.0,5159.574468085107,1,T4+
Lyon 1,1289785518,275000,2,1,55.0,5000.0,1,T2
Lyon 1,1288588238,645000,3,2,120.0,5375.0,1,T3
Lyon 1,1289767302,415000,3,2,62.0,6693.548387096775,1,T3
Lyon 1,1288910521,388000,4,3,87.0,4459.770114942528,1,T4+
Lyon 1,1289706206,394000,2,1,69.0,5710.144927536232,1,T2
Lyon 1,1289705615,340000,3,2,73.0,4657.534246575343,1,T3
Lyon 1,1289691431,695000,5,3,120.0,5791.666666666667,1,T4+
Lyon 1,1290049785,645000,3,2,120.0,5375.0,1,T3
Lyon 1,1288819740,260000,3,2,47.0,5531.914893617021,1,T3
Lyon 1,1287977959,199000,2,1,46.0,4326.086956521739,1,T2
Lyon 1,1288207222,377000,2,1,60.0,6283.333333333333,1,T2
Lyon 1,1289665397,229000,3,2,59.0,3881.35593220339,1,T3
Lyon 1,1289599337,455000,4,3,87.0,5229.885057471264,1,T4+
Lyon 1,1289577766,529000,5,4,128.0,4132.8125,1,T4+
Lyon 1,1289577765,379000,3,2,72.0,5263.888888888889,1,T3
Lyon 1,1286947055,460000,4,3,114.0,4035.0877192982457,1,T4+
Lyon 1,1288010480,205000,2,1,41.0,5000.0,1,T2
Lyon 1,1288937824,179000,2,1,36.0,4972.222222222223,1,T2
Lyon 1,1289524501,299000,2,2,72.0,4152.777777777777,1,T2
Lyon 1,1289524500,319000,2,2,70.0,4557.142857142857,1,T2
Lyon 1,1288978063,642000,5,3,165.0,3890.909090909091,1,T4+
Lyon 1,1288794063,225000,2,1,48.0,4687.5,1,T2
Lyon 1,1288209714,595000,5,3,150.0,3966.6666666666665,1,T4+
Lyon 1,1289251033,240000,2,1,48.0,5000.0,1,T2
Lyon 1,1287967211,290000,2,1,44.0,6590.909090909091,1,T2
Lyon 1,1285877731,255000,3,2,57.0,4473.684210526316,1,T3
Lyon 1,1287911624,522500,4,3,102.0,5122.549019607844,1,T4+
Lyon 1,1289086131,600000,4,3,88.0,6818.181818181818,1,T4+
Lyon 1,1290157703,374000,3,1,72.0,5194.444444444444,1,T3
Lyon 1,1289001238,185000,1,1,25.0,7400.0,1,Studio/T1
Lyon 1,1287781191,449000,3,2,67.0,6701.492537313433,1,T3
Lyon 1,1285193221,199000,2,1,37.0,5378.378378378378,1,T2
Lyon 1,1286600421,258000,3,2,54.0,4777.777777777777,1,T3
Lyon 1,1288752649,149000,1,1,41.0,3634.1463414634145,1,Studio/T1
Lyon 1,1285988236,350000,3,2,65.0,5384.615384615385,1,T3
Lyon 1,1286828097,419000,3,1,81.0,5172.83950617284,1,T3
Lyon 1,1287190501,283500,3,2,67.0,4231.3432835820895,1,T3
Lyon 1,1262929094,478000,3,2,75.0,6373.333333333333,1,T3
Lyon 1,1286600207,599000,3,2,104.0,5759.615384615385,1,T3
Lyon 2,1290196063,415000,3,2,80.0,5187.5,2,T3
Lyon 2,1290195945,269000,3,2,64.0,4203.125,2,T3
Lyon 2,1289524354,850000,4,3,134.0,6343.2835820895525,2,T4+
Lyon 2,1290161621,1990000,7,4,280.0,7107.142857142857,2,T4+
Lyon 2,1289634696,160000,2,1,27.0,5925.925925925926,2,T2
Lyon 2,1289160251,598000,4,3,139.0,4302.158273381295,2,T4+
Lyon 2,1287847884,245000,2,1,50.0,4900.0,2,T2
Lyon 2,1289965270,522000,5,4,110.0,4745.454545454545,2,T4+
Lyon 2,1289100027,474000,3,2,77.0,6155.8441558441555,2,T3
Lyon 2,1288846366,304000,3,2,65.0,4676.923076923077,2,T3
Lyon 2,1289972826,260000,2,1,48.0,5416.666666666667,2,T2
Lyon 2,1288862424,450000,4,2,103.0,4368.9320388349515,2,T4+
Lyon 2,1289356217,1190000,5,4,146.0,8150.684931506849,2,T4+
Lyon 2,1289525123,315000,1,1,40.0,7875.0,2,Studio/T1
Lyon 2,1290141359,790000,6,4,179.0,4413.407821229051,2,T4+
Lyon 2,1288846363,360000,3,2,58.0,6206.896551724138,2,T3
Lyon 2,1288846365,218000,2,1,45.0,4844.444444444444,2,T2
Lyon 2,1289967662,225000,2,1,59.0,3813.5593220338983,2,T2
Lyon 2,1290161618,765000,4,3,100.0,7650.0,2,T4+
Lyon 2,1289905764,1450000,10,6,294.0,4931.972789115646,2,T4+
Lyon 2,1288770062,545000,4,3,81.0,6728.395061728395,2,T4+
Lyon 2,1290122819,350000,2,1,58.0,6034.482758620689,2,T2
Lyon 2,1288940642,550000,5,3,108.0,5092.592592592592,2,T4+
Lyon 2,1290112265,420000,3,2,77.0,5454.545454545455,2,T3
Lyon 2,1290108118,340000,3,1,84.0,4047.6190476190477,2,T3
Lyon 2,1287875888,350000,3,2,81.0,4320.9876543209875,2,T3
Lyon 2,1286177999,225000,2,1,60.0,3750.0,2,T2
Lyon 2,1290094654,430000,4,3,102.0,4215.686274509804,2,T4+
Lyon 2,1289681645,699000,5,4,108.0,6472.222222222223,2,T4+
Lyon 2,1286793638,376000,3,2,60.0,6266.666666666667,2,T3
Lyon 2,1286793633,503000,4,3,76.0,6618.421052631579,2,T4+
Lyon 2,1286793620,476000,4,3,76.0,6263.1578947368425,2,T4+
Lyon 2,1286793626,419000,3,2,64.0,6546.875,2,T3
Lyon 2,1286793623,490000,4,3,76.0,6447.368421052632,2,T4+
Lyon 2,1282066453,411000,3,2,64.0,6421.875,2,T3
Lyon 2,1290090735,252000,2,1,37.0,6810.810810810811,2,T2
Lyon 2,1290079272,590000,4,3,141.0,4184.397163120568,2,T4+
Lyon 2,1289374181,191000,2,1,37.0,5162.1621621621625,2,T2
Lyon 2,1290068357,695000,5,4,147.0,4727.891156462585,2,T4+
Lyon 2,1290062680,200000,1,1,34.0,5882.35294117647,2,Studio/T1
Lyon 2,1289915985,280000,2,1,52.0,5384.615384615385,2,T2
Lyon 2,1290049202,299000,1,1,52.0,5750.0,2,Studio/T1
Lyon 2,1288749814,510000,5,3,89.0,5730.337078651685,2,T4+
Lyon 2,1290033202,260000,2,1,49.0,5306.122448979592,2,T2
Lyon 2,1290032958,273000,2,1,45.0,6066.666666666667,2,T2
Lyon 2,1290032957,252000,1,1,38.0,6631.578947368421,2,Studio/T1
Lyon 2,1288060243,780000,4,3,120.0,6500.0,2,T4+
Lyon 2,1288749493,230000,2,1,53.0,4339.622641509434,2,T2
Lyon 2,1290011892,330000,2,1,62.0,5322.580645161291,2,T2
Lyon 2,1288794234,248000,2,1,33.0,7515.151515151515,2,T2
Lyon 2,1286605247,365000,2,1,51.0,7156.862745098039,2,T2
Lyon 2,1289143466,355000,2,1,61.0,5819.672131147541,2,T2
Lyon 2,1288087329,490000,3,2,66.0,7424.242424242424,2,T3
Lyon 2,1289607987,182500,1,1,23.0,7934.782608695652,2,Studio/T1
Lyon 2,1289779882,474000,3,2,72.0,6583.333333333333,2,T3
Lyon 2,1289999715,569000,4,3,89.0,6393.258426966292,2,T4+
Lyon 2,1288313648,185000,2,1,34.0,5441.176470588235,2,T2
Lyon 2,1287714621,277000,2,1,42.0,6595.238095238095,2,T2
Lyon 2,1287714623,467000,4,3,76.0,6144.736842105263,2,T4+
Lyon 2,1287714622,375000,3,2,64.0,5859.375,2,T3
Lyon 2,1288477030,475000,3,2,70.0,6785.714285714285,2,T3
Lyon 2,1289974717,765000,5,4,114.0,6710.526315789473,2,T4+
Lyon 2,1289974712,450000,4,3,78.0,5769.2307692307695,2,T4+
Lyon 2,1289974713,610000,4,3,94.0,6489.36170212766,2,T4+
Lyon 2,1289974705,370000,3,2,60.0,6166.666666666667,2,T3
Lyon 2,1289974706,395000,3,2,64.0,6171.875,2,T3
Lyon 2,1289974700,298000,2,1,43.0,6930.232558139535,2,T2
Lyon 2,1289974701,311000,2,1,45.0,6911.111111111111,2,T2
Lyon 2,1289974702,277000,2,1,42.0,6595.238095238095,2,T2
Lyon 2,1290063111,341000,2,1,50.0,6820.0,2,T2
Lyon 2,1290147172,441000,3,2,65.0,6784.615384615385,2,T3
Lyon 2,1290147158,565000,4,3,90.0,6277.777777777777,2,T4+
Lyon 2,1289967614,289810,3,2,67.0,4325.522388059701,2,T3
Lyon 2,1289966556,649000,4,3,93.0,6978.4946236559135,2,T4+
Lyon 2,1289961721,1350000,7,5,219.0,6164.3835616438355,2,T4+
Lyon 2,1287790137,435000,2,1,85.0,5117.64705882353,2,T2
Lyon 2,1287764220,539000,3,2,100.0,5390.0,2,T3
Lyon 2,1289952995,275000,2,1,38.0,7236.8421052631575,2,T2
Lyon 2,1288261017,299000,4,3,81.0,3691.358024691358,2,T4+
Lyon 2,1289538097,1195000,6,4,172.0,6947.674418604651,2,T4+
Lyon 2,1289908417,649000,4,3,93.0,6978.4946236559135,2,T4+
Lyon 2,1289907097,475000,3,2,70.0,6785.714285714285,2,T3
Lyon 2,1289907050,649000,4,3,93.0,6978.4946236559135,2,T4+
Lyon 2,1289897160,384000,3,2,60.0,6400.0,2,T3
Lyon 2,1289897156,472000,4,3,76.0,6210.526315789473,2,T4+
Lyon 2,1289897157,489000,4,3,76.0,6434.210526315789,2,T4+
Lyon 2,1290161616,499000,4,3,107.0,4663.551401869159,2,T4+
Lyon 2,1288477031,649000,4,3,93.0,6978.4946236559135,2,T4+
Lyon 2,1288942767,269000,2,1,32.0,8406.25,2,T2
Lyon 2,1289814713,895000,7,5,219.0,4086.75799086758,2,T4+
Lyon 2,1289801995,285000,2,1,42.0,6785.714285714285,2,T2
Lyon 2,1289767539,399000,4,3,100.0,3990.0,2,T4+
Lyon 2,1289767277,640000,4,3,118.0,5423.728813559322,2,T4+
Lyon 2,1290063057,450000,4,3,85.0,5294.117647058823,2,T4+
Lyon 2,1290066128,995000,6,5,215.0,4627.906976744186,2,T4+
Lyon 2,1289966552,475000,3,2,70.0,6785.714285714285,2,T3
Lyon 2,1290063134,370000,3,2,61.0,6065.573770491803,2,T3
Lyon 2,1290063116,765000,5,4,115.0,6652.173913043478,2,T4+
Lyon 2,1290063115,610000,4,3,95.0,6421.0526315789475,2,T4+
Lyon 2,1290063114,450000,4,3,80.0,5625.0,2,T4+
Lyon 2,1290147159,897000,5,4,130.0,6900.0,2,T4+
Lyon 2,1290147170,367000,3,2,60.0,6116.666666666667,2,T3
Lyon 2,1289974710,569000,4,3,86.0,6616.279069767442,2,T4+
Lyon 2,1289974711,609000,4,3,90.0,6766.666666666667,2,T4+
Lyon 2,1289483087,740000,5,3,169.0,4378.698224852071,2,T4+
Lyon 2,1289974704,445000,3,2,64.0,6953.125,2,T3
Lyon 2,1289974703,519000,3,2,77.0,6740.25974025974,2,T3
Lyon 2,1289671012,899000,5,3,151.0,5953.64238410596,2,T4+
Lyon 2,1289966550,345000,2,1,48.0,7187.5,2,T2
Lyon 2,1289659448,190000,1,1,35.0,5428.571428571428,2,Studio/T1
Lyon 2,1289974719,615000,5,4,105.0,5857.142857142857,2,T4+
Lyon 2,1289974716,503000,4,3,76.0,6618.421052631579,2,T4+
Lyon 2,1289974718,916000,5,4,123.0,7447.154471544715,2,T4+
Lyon 2,1289974708,388000,3,2,59.0,6576.271186440678,2,T3
Lyon 2,1289974715,531000,4,3,86.0,6174.418604651163,2,T4+
Lyon 2,1289974714,472000,4,3,76.0,6210.526315789473,2,T4+
Lyon 2,1289974707,376000,3,2,59.0,6372.881355932203,2,T3
Lyon 2,1289617823,595000,4,2,110.0,5409.090909090909,2,T4+
Lyon 2,1290049787,749000,4,3,138.0,5427.536231884058,2,T4+
Lyon 2,1289598789,345000,3,2,69.0,5000.0,2,T3
Lyon 2,1289595370,522500,3,2,88.0,5937.5,2,T3
Lyon 2,1288393172,349000,3,2,73.0,4780.821917808219,2,T3
Lyon 2,1287464786,420000,2,1,64.0,6562.5,2,T2
Lyon 2,1287464785,325000,2,1,50.0,6500.0,2,T2
Lyon 2,1289575321,1090000,5,4,150.0,7266.666666666667,2,T4+
Lyon 2,1287856441,790000,4,3,155.0,5096.774193548387,2,T4+
Lyon 2,1289483447,530000,3,2,76.0,6973.684210526316,2,T3
Lyon 2,1289476714,530000,3,2,76.0,6973.684210526316,2,T3
Lyon 2,1289446402,370000,2,1,65.0,5692.307692307692,2,T2
Lyon 2,1289445424,700000,4,2,147.0,4761.9047619047615,2,T4+
Lyon 2,1286114972,89000,1,1,20.0,4450.0,2,Studio/T1
Lyon 2,1289415096,695000,5,4,151.0,4602.649006622517,2,T4+
Lyon 2,1286323655,225000,2,1,60.0,3750.0,2,T2
Lyon 2,1289250546,365000,3,2,64.0,5703.125,2,T3
Lyon 2,1289220995,595000,6,4,124.0,4798.387096774193,2,T4+
Lyon 2,1290147105,505500,3,2,70.0,7221.428571428572,2,T3
Lyon 2,1287967003,395000,2,1,51.0,7745.098039215686,2,T2
Lyon 2,1287967002,315000,2,1,37.0,8513.513513513513,2,T2
Lyon 2,1286600696,995000,4,3,159.0,6257.861635220126,2,T4+
Lyon 2,1289135445,315000,3,1,58.0,5431.0344827586205,2,T3
Lyon 2,1287730198,275000,2,1,42.0,6547.619047619048,2,T2
Lyon 2,1289365972,369000,3,2,70.0,5271.428571428572,2,T3
Lyon 2,1289083395,680000,3,2,90.0,7555.555555555556,2,T3
Lyon 2,1289974709,404000,3,2,63.0,6412.6984126984125,2,T3
Lyon 2,1287820053,275000,1,1,34.0,8088.235294117647,2,Studio/T1
Lyon 2,1287794565,260000,1,1,29.0,8965.51724137931,2,Studio/T1
Lyon 2,1288584849,335000,3,2,66.0,5075.757575757576,2,T3
Lyon 2,1290151846,630000,3,2,109.0,5779.816513761468,2,T3
Lyon 2,1286658834,115000,1,1,14.0,8214.285714285714,2,Studio/T1
Lyon 2,1290147163,455000,4,3,80.0,5687.5,2,T4+
Lyon 2,1289564737,579000,4,3,89.0,6505.61797752809,2,T4+
Lyon 2,1288042478,495000,3,2,92.0,5380.434782608696,2,T3
Lyon 2,1282037492,527000,4,3,86.0,6127.906976744186,2,T4+
Lyon 2,1290186544,538000,4,3,82.0,6560.975609756098,2,T4+
Lyon 2,1287848674,380000,3,2,68.0,5588.235294117647,2,T3
Lyon 2,1288661585,735000,6,5,182.0,4038.4615384615386,2,T4+
Lyon 3,1290205677,380000,3,2,70.0,5428.571428571428,3,T3
Lyon 3,1287031838,170000,2,1,33.0,5151.515151515152,3,T2
Lyon 3,1290202755,362000,3,2,71.0,5098.591549295775,3,T3
Lyon 3,1290060971,270000,3,2,61.0,4426.229508196721,3,T3
Lyon 3,1290201417,125000,1,1,19.0,6578.9473684210525,3,Studio/T1
Lyon 3,1290198143,159000,2,1,28.0,5678.571428571428,3,T2
Lyon 3,1288925872,320000,4,3,84.0,3809.5238095238096,3,T4+
Lyon 3,1290066229,270000,3,2,75.0,3600.0,3,T3
Lyon 3,1289384212,580000,5,4,114.0,5087.7192982456145,3,T4+
Lyon 3,1289706604,392000,3,2,72.0,5444.444444444444,3,T3
Lyon 3,1289107031,373000,3,2,73.0,5109.58904109589,3,T3
Lyon 3,1290159465,350000,4,3,87.0,4022.9885057471265,3,T4+
Lyon 3,1290157495,400000,4,3,104.0,3846.153846153846,3,T4+
Lyon 3,1290157351,72000,1,1,20.0,3600.0,3,Studio/T1
Lyon 3,1290152176,320000,3,2,72.0,4444.444444444444,3,T3
Lyon 3,1289479613,389000,4,3,89.0,4370.786516853933,3,T4+
Lyon 3,1290149325,634000,5,4,125.0,5072.0,3,T4+
Lyon 3,1286857791,816000,5,3,96.0,8500.0,3,T4+
Lyon 3,1288692548,240000,3,2,56.0,4285.714285714285,3,T3
Lyon 3,1286605261,325000,3,2,76.0,4276.315789473684,3,T3
Lyon 3,1289392894,495000,5,4,156.0,3173.076923076923,3,T4+
Lyon 3,1288013002,332000,2,1,61.0,5442.622950819672,3,T2
Lyon 3,1288749513,340000,3,2,82.0,4146.341463414634,3,T3
Lyon 3,1287214214,445000,4,3,107.0,4158.878504672897,3,T4+
Lyon 3,1288960554,1013000,4,3,91.0,11131.868131868132,3,T4+
Lyon 3,1288960556,779000,4,3,93.0,8376.344086021505,3,T4+
Lyon 3,1288960558,997000,5,4,123.0,8105.691056910569,3,T4+
Lyon 3,1288960555,1030000,4,3,100.0,10300.0,3,T4+
Lyon 3,1288960557,1306000,5,4,116.0,11258.620689655172,3,T4+
Lyon 3,1288949074,229000,4,2,68.0,3367.6470588235293,3,T4+
Lyon 3,1290040989,385000,3,2,80.0,4812.5,3,T3
Lyon 3,1290127398,425000,4,3,105.0,4047.6190476190477,3,T4+
Lyon 3,1288749819,745000,5,3,219.0,3401.8264840182646,3,T4+
Lyon 3,1286268103,349000,3,2,74.0,4716.216216216216,3,T3
Lyon 3,1290089166,365000,4,3,87.0,4195.402298850575,3,T4+
Lyon 3,1290018227,580000,4,3,111.0,5225.225225225226,3,T4+
Lyon 3,1289984407,350000,3,2,73.0,4794.520547945205,3,T3
Lyon 3,1290114799,199000,1,1,26.0,7653.846153846154,3,Studio/T1
Lyon 3,1289211083,360000,3,2,82.0,4390.243902439024,3,T3
Lyon 3,1290112387,430000,4,2,96.0,4479.166666666667,3,T4+
Lyon 3,1290112269,360000,5,4,100.0,3600.0,3,T4+
Lyon 3,1289965283,165000,1,1,27.0,6111.111111111111,3,Studio/T1
Lyon 3,1288214272,450000,5,4,106.0,4245.2830188679245,3,T4+
Lyon 3,1289673760,370000,3,2,78.0,4743.589743589743,3,T3
Lyon 3,1289035125,400000,4,3,95.0,4210.526315789473,3,T4+
Lyon 3,1290134618,210000,1,1,22.0,9545.454545454546,3,Studio/T1
Lyon 3,1290134619,219000,1,1,29.0,7551.724137931034,3,Studio/T1
Lyon 3,1290134620,229000,1,1,34.0,6735.294117647059,3,Studio/T1
Lyon 3,1288906301,450000,6,4,119.0,3781.5126050420167,3,T4+
Lyon 3,1290090177,445000,4,3,113.0,3938.0530973451328,3,T4+
Lyon 3,1290088706,565000,4,3,112.0,5044.642857142857,3,T4+
Lyon 3,1289746007,190000,2,1,51.0,3725.4901960784314,3,T2
Lyon 3,1290080931,545000,5,3,105.0,5190.476190476191,3,T4+
Lyon 3,1290078404,376550,4,3,88.0,4278.977272727273,3,T4+
Lyon 3,1289233691,45000,1,1,18.0,2500.0,3,Studio/T1
Lyon 3,1290063899,545000,5,3,105.0,5190.476190476191,3,T4+
Lyon 3,1289489884,1750000,4,3,196.0,8928.57142857143,3,T4+
Lyon 3,1289424499,350000,3,2,74.0,4729.72972972973,3,T3
Lyon 3,1289046378,170000,2,1,35.0,4857.142857142857,3,T2
Lyon 3,1290041114,349000,4,3,88.0,3965.909090909091,3,T4+
Lyon 3,1288461030,328000,3,2,69.0,4753.623188405797,3,T3
Lyon 3,1289596019,280000,3,2,63.0,4444.444444444444,3,T3
Lyon 3,1290032160,319000,3,2,71.0,4492.957746478874,3,T3
Lyon 3,1288133984,300000,5,3,96.0,3125.0,3,T4+
Lyon 3,1290020038,429000,4,3,113.0,3796.4601769911505,3,T4+
Lyon 3,1288935064,245000,2,1,42.0,5833.333333333333,3,T2
Lyon 3,1290063050,285000,2,1,45.0,6333.333333333333,3,T2
Lyon 3,1290063051,364000,3,2,70.0,5200.0,3,T3
Lyon 3,1289258245,580000,4,2,113.0,5132.743362831859,3,T4+
Lyon 3,1285968187,195000,2,1,61.0,3196.72131147541,3,T2
Lyon 3,1289652646,197000,1,1,45.0,4377.777777777777,3,Studio/T1
Lyon 3,1286617973,198000,2,1,55.0,3600.0,3,T2
Lyon 3,1288749512,219000,3,2,64.0,3421.875,3,T3
Lyon 3,1288749531,470000,4,3,98.0,4795.918367346939,3,T4+
Lyon 3,1290040155,319000,3,2,64.0,4984.375,3,T3
Lyon 3,1288998804,160000,2,1,60.0,2666.6666666666665,3,T2
Lyon 3,1289995223,249000,2,1,51.0,4882.35294117647,3,T2
Lyon 3,1284439126,260000,4,3,62.0,4193.548387096775,3,T4+
Lyon 3,1289989287,270000,3,2,68.0,3970.5882352941176,3,T3
Lyon 3,1288694617,430000,4,3,88.0,4886.363636363636,3,T4+
Lyon 3,1289083321,540000,3,2,72.0,7500.0,3,T3
Lyon 3,1289083322,769500,4,3,94.0,8186.170212765957,3,T4+
Lyon 3,1288616401,994000,5,4,145.0,6855.172413793103,3,T4+
Lyon 3,1289454057,964000,5,4,123.0,7837.3983739837395,3,T4+
Lyon 3,1289454055,746000,4,3,94.0,7936.170212765957,3,T4+
Lyon 3,1289454058,1240000,5,4,116.0,10689.655172413793,3,T4+
Lyon 3,1289793819,399000,3,2,74.0,5391.891891891892,3,T3
Lyon 3,1289801684,320000,3,2,62.0,5161.290322580645,3,T3
Lyon 3,1289983005,480000,3,1,60.0,8000.0,3,T3
Lyon 3,1289555944,455000,4,3,86.0,5290.697674418605,3,T4+
Lyon 3,1289975015,225000,2,1,40.0,5625.0,3,T2
Lyon 3,1290009534,524000,4,3,90.0,5822.222222222223,3,T4+
Lyon 3,1290009537,519000,4,3,90.0,5766.666666666667,3,T4+
Lyon 3,1289952802,420000,3,2,76.0,5526.315789473684,3,T3
Lyon 3,1286298200,350000,4,3,84.0,4166.666666666667,3,T4+
Lyon 3,1288745273,175000,2,1,42.0,4166.666666666667,3,T2
Lyon 3,1289908786,295000,4,3,77.0,3831.1688311688313,3,T4+
Lyon 3,1289186251,249000,2,1,53.0,4698.11320754717,3,T2
Lyon 3,1289177326,149000,1,1,33.0,4515.151515151515,3,Studio/T1
Lyon 3,1289907826,515000,4,3,90.0,5722.222222222223,3,T4+
Lyon 3,1289898936,825000,5,4,154.0,5357.142857142857,3,T4+
Lyon 3,1289897664,184000,2,1,41.0,4487.804878048781,3,T2
Lyon 3,1289896423,994000,5,4,145.0,6855.172413793103,3,T4+
Lyon 3,1289896004,350000,3,2,64.0,5468.75,3,T3
Lyon 3,1290009535,465000,4,3,95.0,4894.736842105263,3,T4+
Lyon 3,1288516985,199000,1,1,37.0,5378.378378378378,3,Studio/T1
Lyon 3,1288954442,149000,1,1,26.0,5730.7692307692305,3,Studio/T1
Lyon 3,1289672575,157000,1,1,25.0,6280.0,3,Studio/T1
Lyon 3,1288528242,340000,3,2,82.0,4146.341463414634,3,T3
Lyon 3,1288248434,265000,2,1,51.0,5196.078431372549,3,T2
Lyon 3,1288653194,725000,5,4,156.0,4647.4358974358975,3,T4+
Lyon 3,1288653208,525000,4,3,94.0,5585.106382978724,3,T4+
Lyon 3,1282565966,1216000,5,4,123.0,9886.178861788618,3,T4+
Lyon 3,1282565965,1256000,5,4,111.0,11315.315315315316,3,T4+
Lyon 3,1282565964,1306000,5,4,116.0,11258.620689655172,3,T4+
Lyon 3,1282565963,823000,4,3,93.0,8849.462365591398,3,T4+
Lyon 3,1282565962,1133000,4,3,101.0,11217.821782178218,3,T4+
Lyon 3,1282565961,1013000,4,3,91.0,11131.868131868132,3,T4+
Lyon 3,1282565960,803000,4,3,83.0,9674.698795180722,3,T4+
Lyon 3,1282565958,488000,3,2,68.0,7176.470588235294,3,T3
Lyon 3,1282565959,923000,4,3,99.0,9323.232323232323,3,T4+
Lyon 3,1286309154,362000,4,3,93.0,3892.47311827957,3,T4+
Lyon 3,1289829026,240000,3,2,50.0,4800.0,3,T3
Lyon 3,1289829024,185000,2,1,35.0,5285.714285714285,3,T2
Lyon 3,1289828468,450000,5,4,107.0,4205.607476635514,3,T4+
Lyon 3,1289822493,239000,2,1,56.0,4267.857142857143,3,T2
Lyon 3,1288627167,241000,2,1,43.0,5604.6511627906975,3,T2
Lyon 3,1289806390,300000,2,1,47.0,6382.978723404255,3,T2
Lyon 3,1289801990,200000,2,1,47.0,4255.31914893617,3,T2
Lyon 3,1289798690,315000,3,2,76.0,4144.736842105263,3,T3
Lyon 3,1288604493,134900,1,1,27.0,4996.2962962962965,3,Studio/T1
Lyon 3,1289775206,240000,2,1,60.0,4000.0,3,T2
Lyon 3,1286604792,110000,2,1,26.0,4230.7692307692305,3,T2
Lyon 3,1289766783,535000,5,3,125.0,4280.0,3,T4+
Lyon 3,1290100042,519000,4,3,101.0,5138.6138613861385,3,T4+
Lyon 3,1289765567,280000,2,1,46.0,6086.95652173913,3,T2
Lyon 3,1287392745,307000,3,2,64.0,4796.875,3,T3
Lyon 3,1287364095,499000,4,3,95.0,5252.631578947368,3,T4+
Lyon 3,1289715165,185000,2,1,42.0,4404.761904761905,3,T2
Lyon 3,1289705614,250000,3,1,52.0,4807.692307692308,3,T3
Lyon 3,1287153883,310000,5,4,83.0,3734.9397590361446,3,T4+
Lyon 3,1288616402,431000,3,2,70.0,6157.142857142857,3,T3
Lyon 3,1289045497,690000,5,4,144.0,4791.666666666667,3,T4+
Lyon 3,1283912117,950000,7,5,206.0,4611.650485436893,3,T4+
Lyon 3,1289696280,379000,4,3,105.0,3609.5238095238096,3,T4+
Lyon 3,1290147114,625000,3,2,70.0,8928.57142857143,3,T3
Lyon 3,1290063077,994000,5,4,150.0,6626.666666666667,3,T4+
Lyon 3,1289429782,436800,4,3,89.0,4907.865168539326,3,T4+
Lyon 3,1282482768,498000,3,2,68.0,7323.529411764706,3,T3
Lyon 3,1282482767,493000,3,2,68.0,7250.0,3,T3
Lyon 3,1282449917,603000,3,2,73.0,8260.27397260274,3,T3
Lyon 3,1282449916,488000,3,2,68.0,7176.470588235294,3,T3
Lyon 3,1289686161,235000,2,1,45.0,5222.222222222223,3,T2
Lyon 3,1288696829,349000,3,2,74.0,4716.216216216216,3,T3
Lyon 3,1289671587,327000,3,2,67.0,4880.5970149253735,3,T3
Lyon 3,1289896005,450000,4,3,86.0,5232.558139534884,3,T4+
Lyon 3,1290056235,460000,4,3,84.0,5476.190476190476,3,T4+
Lyon 3,1289655089,695000,5,4,152.0,4572.368421052632,3,T4+
Lyon 3,1288459918,263500,3,2,67.0,3932.8358208955224,3,T3
Lyon 3,1289653088,109000,1,1,19.0,5736.8421052631575,3,Studio/T1
Lyon 3,1289652726,129000,1,1,26.0,4961.538461538462,3,Studio/T1
Lyon 3,1289593728,480000,4,3,105.0,4571.428571428572,3,T4+
Lyon 3,1288746025,150000,2,1,42.0,3571.4285714285716,3,T2
Lyon 3,1284054192,150000,1,1,16.0,9375.0,3,Studio/T1
Lyon 3,1283617278,78000,1,1,18.0,4333.333333333333,3,Studio/T1
Lyon 3,1287793974,189000,3,2,52.0,3634.6153846153848,3,T3
Lyon 3,1289617843,255000,3,2,68.0,3750.0,3,T3
Lyon 3,1290151699,208000,2,2,39.0,5333.333333333333,3,T2
Lyon 3,1288528387,240000,4,3,68.0,3529.4117647058824,3,T4+
Lyon 3,1289598979,377000,3,2,79.0,4772.151898734177,3,T3
Lyon 3,1289598237,910000,6,5,153.0,5947.712418300654,3,T4+
Lyon 3,1289598120,210000,2,1,35.0,6000.0,3,T2
Lyon 3,1289596962,161500,1,1,22.0,7340.909090909091,3,Studio/T1
Lyon 3,1289596271,79000,1,1,18.0,4388.888888888889,3,Studio/T1
Lyon 3,1289895892,997000,5,4,123.0,8105.691056910569,3,T4+
Lyon 3,1289895887,1030000,4,3,100.0,10300.0,3,T4+
Lyon 3,1289895891,1306000,5,4,116.0,11258.620689655172,3,T4+
Lyon 3,1289895886,885000,4,3,99.0,8939.39393939394,3,T4+
Lyon 3,1289895884,1013000,4,3,91.0,11131.868131868132,3,T4+
Lyon 3,1289895885,779000,4,3,93.0,8376.344086021505,3,T4+
Lyon 3,1282308109,449000,3,2,71.0,6323.943661971831,3,T3
Lyon 3,1282308117,925000,5,4,122.0,7581.9672131147545,3,T4+
Lyon 3,1282308108,459000,3,2,71.0,6464.788732394366,3,T3
Lyon 3,1282308115,820000,4,3,103.0,7961.165048543689,3,T4+
Lyon 3,1289950322,399000,3,2,93.0,4290.322580645161,3,T3
Lyon 3,1288335744,370000,4,2,70.0,5285.714285714285,3,T4+
Lyon 3,1289547001,360000,4,3,87.0,4137.931034482759,3,T4+
Lyon 3,1289494461,440000,3,2,72.0,6111.111111111111,3,T3
Lyon 3,1289494459,375000,3,2,64.0,5859.375,3,T3
Lyon 3,1289491390,320000,3,2,70.0,4571.428571428572,3,T3
Lyon 3,1289538306,319000,3,2,72.0,4430.555555555556,3,T3
Lyon 3,1285852536,110000,2,1,34.0,3235.294117647059,3,T2
Lyon 3,1289483081,700000,6,4,157.0,4458.598726114649,3,T4+
Lyon 3,1288259468,728000,6,4,153.0,4758.169934640523,3,T4+
Lyon 3,1289454060,625000,3,2,70.0,8928.57142857143,3,T3
Lyon 3,1288234802,1111000,4,3,101.0,11000.0,3,T4+
Lyon 3,1288234803,807200,4,3,93.0,8679.569892473119,3,T4+
Lyon 3,1288234801,1013000,4,3,91.0,11131.868131868132,3,T4+
Lyon 3,1288234800,573000,3,2,73.0,7849.315068493151,3,T3
Lyon 3,1288234806,1119500,5,4,123.0,9101.626016260163,3,T4+
Lyon 3,1288234799,459000,3,2,68.0,6750.0,3,T3
Lyon 3,1288234805,1306000,5,4,116.0,11258.620689655172,3,T4+
Lyon 3,1288234798,658000,3,2,70.0,9400.0,3,T3
Lyon 3,1288234804,905200,4,3,99.0,9143.434343434343,3,T4+
Lyon 3,1289440897,89000,1,1,19.0,4684.210526315789,3,Studio/T1
Lyon 3,1289432706,208000,2,1,48.0,4333.333333333333,3,T2
Lyon 3,1288207350,115000,1,1,26.0,4423.076923076923,3,Studio/T1
Lyon 3,1288041945,122000,1,1,18.0,6777.777777777777,3,Studio/T1
Lyon 3,1289395020,580000,5,4,135.0,4296.2962962962965,3,T4+
Lyon 3,1289908915,520000,3,2,62.0,8387.09677419355,3,T3
Lyon 3,1289393234,225000,2,1,50.0,4500.0,3,T2
Lyon 3,1289385884,196000,2,1,39.0,5025.641025641025,3,T2
Lyon 3,1289384046,541000,4,3,92.0,5880.434782608696,3,T4+
Lyon 3,1290147152,430000,3,2,70.0,6142.857142857143,3,T3
Lyon 3,1290147080,820000,4,3,120.0,6833.333333333333,3,T4+
Lyon 3,1289329220,596000,4,3,111.0,5369.369369369369,3,T4+
Lyon 3,1289294333,175000,2,1,32.0,5468.75,3,T2
Lyon 3,1289265289,375000,4,3,95.0,3947.3684210526317,3,T4+
Lyon 3,1288822338,235000,3,2,74.0,3175.675675675676,3,T3
Lyon 3,1284112610,994000,5,4,146.0,6808.219178082192,3,T4+
Lyon 3,1290147079,493000,4,3,90.0,5477.777777777777,3,T4+
Lyon 3,1289195714,315000,3,2,65.0,4846.153846153846,3,T3
Lyon 3,1287396012,360000,3,2,88.0,4090.909090909091,3,T3
Lyon 3,1289133747,250000,2,1,52.0,4807.692307692308,3,T2
Lyon 3,1290147115,1240000,5,4,120.0,10333.333333333334,3,T4+
Lyon 3,1287859178,128000,1,1,31.0,4129.032258064516,3,Studio/T1
Lyon 3,1290147143,800000,4,3,100.0,8000.0,3,T4+
Lyon 3,1287692336,169000,2,1,40.0,4225.0,3,T2
Lyon 3,1290147081,230000,1,1,35.0,6571.428571428572,3,Studio/T1
Lyon 3,1289034679,111000,1,1,18.0,6166.666666666667,3,Studio/T1
Lyon 3,1290009543,432500,4,3,84.0,5148.809523809524,3,T4+
Lyon 3,1289024635,240000,3,2,56.0,4285.714285714285,3,T3
Lyon 3,1286035754,410000,4,3,107.0,3831.7757009345796,3,T4+
Lyon 3,1289001141,658000,3,2,70.0,9400.0,3,T3
Lyon 3,1289001143,885000,4,3,99.0,8939.39393939394,3,T4+
Lyon 3,1289001142,459000,3,2,67.0,6850.746268656716,3,T3
Lyon 3,1287086431,230000,3,2,74.0,3108.108108108108,3,T3
Lyon 3,1288442734,140000,1,1,32.0,4375.0,3,Studio/T1
Lyon 3,1288134211,250000,3,2,68.0,3676.470588235294,3,T3
Lyon 3,1287163822,394000,4,3,93.0,4236.559139784947,3,T4+
Lyon 3,1284724953,330000,4,3,120.0,2750.0,3,T4+
Lyon 3,1282312459,317000,3,2,73.16,4332.968835429197,3,T3
Lyon 3,1286262424,295000,3,2,62.0,4758.064516129032,3,T3
Lyon 3,1283683128,160000,3,2,51.0,3137.2549019607845,3,T3
Lyon 3,1290192413,471400,3,2,70.0,6734.285714285715,3,T3
Lyon 3,1290165517,230000,1,1,34.0,6764.705882352941,3,Studio/T1
Lyon 3,1290165514,395000,3,2,65.0,6076.923076923077,3,T3
Lyon 3,1290192432,537000,4,3,90.0,5966.666666666667,3,T4+
Lyon 3,1287684840,200000,3,1,61.0,3278.688524590164,3,T3
Lyon 3,1287407626,190000,2,1,41.0,4634.1463414634145,3,T2
Lyon 3,1288143668,215000,3,2,59.0,3644.0677966101694,3,T3
Lyon 3,1289125730,510000,4,3,103.0,4951.456310679611,3,T4+
Lyon 4,1289378197,1390000,3,2,94.0,14787.234042553191,4,T3
Lyon 4,1288906888,525000,3,2,83.0,6325.301204819277,4,T3
Lyon 4,1287469394,199000,2,1,41.0,4853.658536585366,4,T2
Lyon 4,1289526951,583100,3,2,68.0,8575.0,4,T3
Lyon 4,1289367634,460000,3,2,103.0,4466.019417475728,4,T3
Lyon 4,1286792008,199500,1,1,29.0,6879.310344827586,4,Studio/T1
Lyon 4,1289578204,455000,4,2,96.0,4739.583333333333,4,T4+
Lyon 4,1290173477,185000,2,1,45.0,4111.111111111111,4,T2
Lyon 4,1286524377,340000,3,1,68.0,5000.0,4,T3
Lyon 4,1289765005,860000,5,4,158.0,5443.037974683544,4,T4+
Lyon 4,1286051889,215000,2,1,41.0,5243.90243902439,4,T2
Lyon 4,1286051891,215000,3,2,49.0,4387.755102040816,4,T3
Lyon 4,1290161636,185000,2,1,45.0,4111.111111111111,4,T2
Lyon 4,1284206575,399000,3,2,102.0,3911.764705882353,4,T3
Lyon 4,1290150281,380000,4,3,84.0,4523.809523809524,4,T4+
Lyon 4,1287812260,427000,4,3,114.0,3745.6140350877195,4,T4+
Lyon 4,1288304474,880000,6,3,185.0,4756.756756756757,4,T4+
Lyon 4,1288749717,365000,3,2,64.0,5703.125,4,T3
Lyon 4,1290161615,349000,3,2,96.0,3635.4166666666665,4,T3
Lyon 4,1286481028,336600,3,2,61.0,5518.0327868852455,4,T3
Lyon 4,1289674825,670000,4,3,86.0,7790.697674418605,4,T4+
Lyon 4,1290049784,590000,5,3,173.0,3410.4046242774566,4,T4+
Lyon 4,1285444981,247000,4,3,65.0,3800.0,4,T4+
Lyon 4,1288501780,199000,2,1,41.0,4853.658536585366,4,T2
Lyon 4,1286858273,650000,4,2,121.0,5371.900826446281,4,T4+
Lyon 4,1289211104,750000,6,5,192.0,3906.25,4,T4+
Lyon 4,1288393068,299000,3,2,77.0,3883.116883116883,4,T3
Lyon 4,1290112384,239000,3,2,57.0,4192.982456140351,4,T3
Lyon 4,1288749820,185000,1,1,35.0,5285.714285714285,4,Studio/T1
Lyon 4,1286532917,425000,3,2,81.0,5246.913580246914,4,T3
Lyon 4,1284112466,556000,3,2,73.0,7616.438356164384,4,T3
Lyon 4,1290147168,379000,2,1,50.0,7580.0,4,T2
Lyon 4,1290147165,556000,3,2,73.0,7616.438356164384,4,T3
Lyon 4,1288451268,445000,3,2,100.0,4450.0,4,T3
Lyon 4,1290042355,169000,3,2,54.0,3129.6296296296296,4,T3
Lyon 4,1290049786,649000,5,4,145.0,4475.862068965517,4,T4+
Lyon 4,1288828929,840000,5,4,144.0,5833.333333333333,4,T4+
Lyon 4,1290012211,499000,5,3,108.0,4620.37037037037,4,T4+
Lyon 4,1289501252,272000,3,2,59.0,4610.169491525424,4,T3
Lyon 4,1289859864,149000,1,1,33.0,4515.151515151515,4,Studio/T1
Lyon 4,1288261294,299000,2,1,81.0,3691.358024691358,4,T2
Lyon 4,1289987164,499000,4,3,100.0,4990.0,4,T4+
Lyon 4,1289547653,239000,2,1,43.0,5558.139534883721,4,T2
Lyon 4,1290078258,394000,4,3,76.0,5184.210526315789,4,T4+
Lyon 4,1289929352,289000,2,1,54.0,5351.851851851852,4,T2
Lyon 4,1289793811,420000,3,2,70.0,6000.0,4,T3
Lyon 4,1289880699,369000,4,2,81.0,4555.555555555556,4,T4+
Lyon 4,1289962043,325000,2,1,50.0,6500.0,4,T2
Lyon 4,1283407723,565000,3,2,68.0,8308.823529411764,4,T3
Lyon 4,1289674827,1360000,5,4,131.0,10381.679389312978,4,T4+
Lyon 4,1289856288,749000,4,3,136.0,5507.35294117647,4,T4+
Lyon 4,1289832150,262000,2,1,53.0,4943.396226415094,4,T2
Lyon 4,1289829612,295000,3,2,71.0,4154.929577464789,4,T3
Lyon 4,1289595371,339000,3,2,61.0,5557.377049180328,4,T3
Lyon 4,1289408688,337000,3,2,87.0,3873.5632183908046,4,T3
Lyon 4,1289808387,379000,2,1,47.0,8063.829787234043,4,T2
Lyon 4,1289785239,131000,2,1,46.0,2847.8260869565215,4,T2
Lyon 4,1289785233,98000,1,1,18.0,5444.444444444444,4,Studio/T1
Lyon 4,1289745762,298000,2,1,52.0,5730.7692307692305,4,T2
Lyon 4,1288617508,540000,4,3,87.0,6206.896551724138,4,T4+
Lyon 4,1289704449,320000,3,2,90.0,3555.5555555555557,4,T3
Lyon 4,1281668959,295000,4,2,82.0,3597.560975609756,4,T4+
Lyon 4,1290040905,315000,4,3,69.0,4565.217391304348,4,T4+
Lyon 4,1288653138,310000,3,2,64.0,4843.75,4,T3
Lyon 4,1288459913,59980,2,1,46.0,1303.9130434782608,4,T2
Lyon 4,1289674826,1390000,5,4,128.0,10859.375,4,T4+
Lyon 4,1289636664,424000,2,1,47.0,9021.27659574468,4,T2
Lyon 4,1289631671,235000,2,1,54.0,4351.851851851852,4,T2
Lyon 4,1288411517,325000,3,2,62.0,5241.935483870968,4,T3
Lyon 4,1289599514,530000,5,4,126.0,4206.349206349207,4,T4+
Lyon 4,1289598642,210000,2,1,38.0,5526.315789473684,4,T2
Lyon 4,1286333748,285000,3,2,45.0,6333.333333333333,4,T3
Lyon 4,1289443503,270000,2,1,58.0,4655.172413793103,4,T2
Lyon 4,1289392858,420000,3,2,70.0,6000.0,4,T3
Lyon 4,1289416334,490000,5,4,172.0,2848.8372093023254,4,T4+
Lyon 4,1289340081,1379000,5,4,149.0,9255.03355704698,4,T4+
Lyon 4,1289671013,769000,5,3,113.0,6805.309734513275,4,T4+
Lyon 4,1286332283,598000,3,2,73.0,8191.780821917808,4,T3
Lyon 4,1289135463,357000,3,2,61.0,5852.459016393443,4,T3
Lyon 4,1289133750,357645,3,2,61.0,5863.0327868852455,4,T3
Lyon 4,1285147147,995000,7,5,209.0,4760.7655502392345,4,T4+
Lyon 4,1288899017,385000,2,1,46.0,8369.565217391304,4,T2
Lyon 4,1289112673,369000,2,1,46.0,8021.739130434783,4,T2
Lyon 4,1289094659,349000,2,1,60.0,5816.666666666667,4,T2
Lyon 4,1286600530,630000,4,3,104.0,6057.692307692308,4,T4+
Lyon 4,1290192456,480000,3,2,62.0,7741.935483870968,4,T3
Lyon 4,1290165521,598000,3,2,73.0,8191.780821917808,4,T3
Lyon 4,1289595369,259000,2,1,63.0,4111.111111111111,4,T2
Lyon 4,1286600722,211000,5,4,72.0,2930.5555555555557,4,T4+
Lyon 4,1289392856,358000,3,2,80.0,4475.0,4,T3
Lyon 4,1287738610,280000,5,4,81.0,3456.7901234567903,4,T4+
Lyon 4,1290218956,239000,2,1,40.0,5975.0,4,T2
Lyon 5,1288162518,1170000,6,4,156.0,7500.0,5,T4+
Lyon 5,1290198406,320000,4,3,84.0,3809.5238095238096,5,T4+
Lyon 5,1290197260,299000,2,1,60.0,4983.333333333333,5,T2
Lyon 5,1290173162,70000,2,1,41.0,1707.3170731707316,5,T2
Lyon 5,1288942240,159000,1,1,23.0,6913.04347826087,5,Studio/T1
Lyon 5,1288756722,215000,4,3,66.0,3257.5757575757575,5,T4+
Lyon 5,1284789879,160000,2,1,49.0,3265.3061224489797,5,T2
Lyon 5,1289393884,549000,5,3,117.0,4692.307692307692,5,T4+
Lyon 5,1289948905,178000,2,1,54.0,3296.296296296296,5,T2
Lyon 5,1288749723,220000,2,1,46.0,4782.608695652174,5,T2
Lyon 5,1289338338,1190000,5,4,146.0,8150.684931506849,5,T4+
Lyon 5,1287709994,299000,3,2,58.0,5155.172413793103,5,T3
Lyon 5,1287945655,186000,4,3,66.0,2818.181818181818,5,T4+
Lyon 5,1283502243,228800,3,2,68.0,3364.705882352941,5,T3
Lyon 5,1289642008,522900,4,3,79.0,6618.987341772152,5,T4+
Lyon 5,1289642007,418000,3,2,65.0,6430.7692307692305,5,T3
Lyon 5,1286474975,190000,2,1,66.0,2878.787878787879,5,T2
Lyon 5,1285290204,233000,4,3,80.0,2912.5,5,T4+
Lyon 5,1282474550,191000,4,3,65.0,2938.4615384615386,5,T4+
Lyon 5,1290123333,725000,6,4,180.0,4027.777777777778,5,T4+
Lyon 5,1290122279,340000,3,2,79.0,4303.797468354431,5,T3
Lyon 5,1289248555,470000,4,3,105.0,4476.190476190476,5,T4+
Lyon 5,1288262842,140000,1,1,25.0,5600.0,5,Studio/T1
Lyon 5,1289015053,169000,3,2,56.0,3017.8571428571427,5,T3
Lyon 5,1288143438,312000,3,2,68.0,4588.235294117647,5,T3
Lyon 5,1288661047,240000,4,3,80.0,3000.0,5,T4+
Lyon 5,1289410056,229000,5,3,80.0,2862.5,5,T4+
Lyon 5,1288991792,149000,1,1,23.0,6478.260869565217,5,Studio/T1
Lyon 5,1288576538,485000,4,3,117.0,4145.2991452991455,5,T4+
Lyon 5,1288917896,248000,2,1,50.0,4960.0,5,T2
Lyon 5,1288898817,927400,5,4,138.0,6720.289855072464,5,T4+
Lyon 5,1290089572,262000,2,1,48.0,5458.333333333333,5,T2
Lyon 5,1290088567,330000,2,1,72.0,4583.333333333333,5,T2
Lyon 5,1290080758,299000,3,2,68.0,4397.058823529412,5,T3
Lyon 5,1289738482,169000,4,2,66.0,2560.6060606060605,5,T4+
Lyon 5,1287229993,165000,3,2,56.0,2946.4285714285716,5,T3
Lyon 5,1290068263,565000,5,4,117.0,4829.059829059829,5,T4+
Lyon 5,1289438091,295000,2,1,43.0,6860.46511627907,5,T2
Lyon 5,1290042546,534500,4,3,79.0,6765.822784810127,5,T4+
Lyon 5,1290040910,740000,3,2,127.0,5826.771653543307,5,T3
Lyon 5,1290040512,310000,4,2,88.0,3522.7272727272725,5,T4+
Lyon 5,1290035091,450000,5,3,110.0,4090.909090909091,5,T4+
Lyon 5,1288749711,269000,3,2,68.0,3955.8823529411766,5,T3
Lyon 5,1288557787,229000,3,2,79.0,2898.73417721519,5,T3
Lyon 5,1290027082,199000,2,1,48.0,4145.833333333333,5,T2
Lyon 5,1289669798,470000,4,3,90.0,5222.222222222223,5,T4+
Lyon 5,1285793198,675000,3,2,111.0,6081.081081081081,5,T3
Lyon 5,1288528320,220000,4,3,63.0,3492.063492063492,5,T4+
Lyon 5,1287539622,495000,3,2,90.0,5500.0,5,T3
Lyon 5,1287714619,334000,3,2,60.0,5566.666666666667,5,T3
Lyon 5,1287714618,268000,2,1,40.0,6700.0,5,T2
Lyon 5,1287714620,524000,4,3,92.0,5695.652173913043,5,T4+
Lyon 5,1289897118,299000,3,2,68.0,4397.058823529412,5,T3
Lyon 5,1281884486,211000,3,2,67.0,3149.2537313432836,5,T3
Lyon 5,1286497366,243000,4,3,77.0,3155.844155844156,5,T4+
Lyon 5,1286498448,247000,4,3,83.0,2975.9036144578313,5,T4+
Lyon 5,1289966554,316000,3,2,62.0,5096.774193548387,5,T3
Lyon 5,1289966558,494000,4,3,91.0,5428.571428571428,5,T4+
Lyon 5,1289966555,306000,3,2,60.0,5100.0,5,T3
Lyon 5,1289966557,484000,4,3,91.0,5318.681318681319,5,T4+
Lyon 5,1289966551,258000,2,1,40.0,6450.0,5,T2
Lyon 5,1289966549,172000,1,1,23.0,7478.260869565217,5,Studio/T1
Lyon 5,1289966553,284000,3,2,60.0,4733.333333333333,5,T3
Lyon 5,1289966548,164000,1,1,23.0,7130.434782608696,5,Studio/T1
Lyon 5,1288780606,295000,5,3,105.0,2809.5238095238096,5,T4+
Lyon 5,1290100028,349000,5,3,105.0,3323.809523809524,5,T4+
Lyon 5,1289686434,430000,4,2,93.0,4623.655913978495,5,T4+
Lyon 5,1288756418,418150,3,2,64.0,6533.59375,5,T3
Lyon 5,1289930090,310000,4,3,84.0,3690.4761904761904,5,T4+
Lyon 5,1289923006,309000,3,2,77.0,4012.987012987013,5,T3
Lyon 5,1286268588,329072,2,1,49.0,6715.755102040816,5,T2
Lyon 5,1288695663,599000,4,3,154.0,3889.6103896103896,5,T4+
Lyon 5,1288694042,295000,3,2,75.0,3933.3333333333335,5,T3
Lyon 5,1288804336,149600,3,2,53.0,2822.6415094339623,5,T3
Lyon 5,1289642006,274500,2,1,44.0,6238.636363636364,5,T2
Lyon 5,1289642011,927500,5,4,138.0,6721.014492753623,5,T4+
Lyon 5,1289642009,585800,5,4,93.0,6298.924731182796,5,T4+
Lyon 5,1289509968,135000,1,1,36.0,3750.0,5,Studio/T1
Lyon 5,1289829629,265000,3,2,71.0,3732.394366197183,5,T3
Lyon 5,1289823292,200000,3,2,60.0,3333.3333333333335,5,T3
Lyon 5,1288628595,200000,3,2,72.0,2777.777777777778,5,T3
Lyon 5,1290089832,690632,6,5,104.0,6640.692307692308,5,T4+
Lyon 5,1290089827,927480,5,4,138.0,6720.869565217391,5,T4+
Lyon 5,1290089826,585832,5,4,92.0,6367.739130434783,5,T4+
Lyon 5,1290089821,554384,4,3,80.0,6929.8,5,T4+
Lyon 5,1290089814,418152,3,2,65.0,6433.107692307693,5,T3
Lyon 5,1290089809,294000,2,1,43.0,6837.209302325581,5,T2
Lyon 5,1289776785,195000,1,1,25.0,7800.0,5,Studio/T1
Lyon 5,1287407718,223600,4,2,91.0,2457.1428571428573,5,T4+
Lyon 5,1289768098,189000,4,2,64.0,2953.125,5,T4+
Lyon 5,1287642089,290000,2,1,43.0,6744.186046511628,5,T2
Lyon 5,1288851292,425000,5,3,104.0,4086.5384615384614,5,T4+
Lyon 5,1283761151,208552,1,1,32.0,6517.25,5,Studio/T1
Lyon 5,1284819087,274576,2,1,44.0,6240.363636363636,5,T2
Lyon 5,1280514807,418152,3,2,65.0,6433.107692307693,5,T3
Lyon 5,1280159700,927480,5,4,138.0,6720.869565217391,5,T4+
Lyon 5,1280514808,532384,4,3,79.0,6739.037974683544,5,T4+
Lyon 5,1290147088,308000,3,2,60.0,5133.333333333333,5,T3
Lyon 5,1290147100,240000,2,1,40.0,6000.0,5,T2
Lyon 5,1288576532,164900,3,2,49.0,3365.3061224489797,5,T3
Lyon 5,1287385671,990000,4,2,106.0,9339.622641509433,5,T4+
Lyon 5,1287323272,530000,4,2,148.0,3581.0810810810813,5,T4+
Lyon 5,1287921415,145000,2,1,32.0,4531.25,5,T2
Lyon 5,1289652459,150000,1,1,21.0,7142.857142857143,5,Studio/T1
Lyon 5,1289652458,130000,1,1,17.0,7647.058823529412,5,Studio/T1
Lyon 5,1288224365,372000,4,3,82.0,4536.585365853659,5,T4+
Lyon 5,1289634599,207000,3,2,62.0,3338.7096774193546,5,T3
Lyon 5,1289632538,195000,3,2,57.0,3421.0526315789475,5,T3
Lyon 5,1290151792,285000,4,3,83.0,3433.734939759036,5,T4+
Lyon 5,1289642010,690500,4,3,103.0,6703.883495145631,5,T4+
Lyon 5,1288410251,275000,3,2,76.0,3618.4210526315787,5,T3
Lyon 5,1288857674,849900,4,3,115.0,7390.434782608696,5,T4+
Lyon 5,1289599404,295000,3,2,75.0,3933.3333333333335,5,T3
Lyon 5,1289598904,680000,5,3,110.0,6181.818181818182,5,T4+
Lyon 5,1289134786,205000,3,2,56.0,3660.714285714286,5,T3
Lyon 5,1290205315,300000,2,1,84.0,3571.4285714285716,5,T2
Lyon 5,1289547024,227000,3,2,72.0,3152.777777777778,5,T3
Lyon 5,1289446800,175000,4,2,65.0,2692.3076923076924,5,T4+
Lyon 5,1289086194,188000,4,2,64.0,2937.5,5,T4+
Lyon 5,1289785521,144000,1,1,18.0,8000.0,5,Studio/T1
Lyon 5,1290161619,895000,5,4,162.0,5524.691358024691,5,T4+
Lyon 5,1288151184,610000,6,5,143.0,4265.734265734266,5,T4+
Lyon 5,1290147099,492000,4,3,92.0,5347.826086956522,5,T4+
Lyon 5,1289326797,189990,3,2,75.0,2533.2,5,T3
Lyon 5,1289283242,220000,5,3,85.0,2588.235294117647,5,T4+
Lyon 5,1288852318,129000,1,1,21.0,6142.857142857143,5,Studio/T1
Lyon 5,1286600433,995000,6,4,172.0,5784.883720930233,5,T4+
Lyon 5,1289219886,320000,3,2,62.0,5161.290322580645,5,T3
Lyon 5,1285777592,635000,5,3,112.0,5669.642857142857,5,T4+
Lyon 5,1286879105,194000,4,2,84.0,2309.5238095238096,5,T4+
Lyon 5,1287948495,585800,5,4,92.0,6367.391304347826,5,T4+
Lyon 5,1287948391,329000,2,1,49.0,6714.285714285715,5,T2
Lyon 5,1287948494,690600,6,5,103.0,6704.854368932039,5,T4+
Lyon 5,1287948390,927480,5,4,138.0,6720.869565217391,5,T4+
Lyon 5,1287876341,172500,2,1,61.0,2827.8688524590166,5,T2
Lyon 5,1287241366,135000,1,1,27.0,5000.0,5,Studio/T1
Lyon 5,1288999506,210000,3,2,53.0,3962.264150943396,5,T3
Lyon 5,1288259467,315000,3,2,62.0,5080.645161290323,5,T3
Lyon 5,1285975824,299000,3,2,68.0,4397.058823529412,5,T3
Lyon 5,1283616370,227000,4,2,79.0,2873.4177215189875,5,T4+
Lyon 5,1287079698,275000,2,1,69.0,3985.5072463768115,5,T2
Lyon 5,1286804716,210000,1,1,42.0,5000.0,5,Studio/T1
Lyon 5,1282887614,159000,1,1,27.0,5888.888888888889,5,Studio/T1
Lyon 5,1290174396,300000,3,2,60.0,5000.0,5,T3
Lyon 5,1290174359,168000,1,1,23.0,7304.347826086957,5,Studio/T1
Lyon 6,1290196080,299000,3,2,74.0,4040.5405405405404,6,T3
Lyon 6,1290192839,485000,4,3,95.0,5105.263157894737,6,T4+
Lyon 6,1284582778,247000,3,2,58.0,4258.620689655172,6,T3
Lyon 6,1290176058,239000,2,1,44.0,5431.818181818182,6,T2
Lyon 6,1289112339,730000,6,4,132.0,5530.30303030303,6,T4+
Lyon 6,1289673374,399000,3,2,94.0,4244.68085106383,6,T3
Lyon 6,1289595080,225000,2,1,48.0,4687.5,6,T2
Lyon 6,1289967725,500000,3,2,81.0,6172.83950617284,6,T3
Lyon 6,1289101778,415000,3,2,62.0,6693.548387096775,6,T3
Lyon 6,1289905830,480000,5,3,86.0,5581.395348837209,6,T4+
Lyon 6,1289007980,280000,2,1,52.0,5384.615384615385,6,T2
Lyon 6,1286882561,311000,2,1,53.0,5867.924528301887,6,T2
Lyon 6,1288826335,88000,1,1,13.0,6769.2307692307695,6,Studio/T1
Lyon 6,1290134872,930000,5,4,118.0,7881.35593220339,6,T4+
Lyon 6,1289069027,310000,3,2,47.0,6595.744680851064,6,T3
Lyon 6,1288724255,733600,4,3,137.0,5354.744525547445,6,T4+
Lyon 6,1288946977,690000,4,3,103.0,6699.0291262135925,6,T4+
Lyon 6,1288569778,550000,3,2,74.0,7432.4324324324325,6,T3
Lyon 6,1287829628,1350000,3,2,153.0,8823.529411764706,6,T3
Lyon 6,1290062136,699000,4,3,112.0,6241.071428571428,6,T4+
Lyon 6,1288770070,465000,4,3,84.0,5535.714285714285,6,T4+
Lyon 6,1289783030,799000,6,4,164.0,4871.951219512195,6,T4+
Lyon 6,1290062135,649000,5,3,138.0,4702.898550724638,6,T4+
Lyon 6,1290122820,248000,2,1,46.0,5391.304347826087,6,T2
Lyon 6,1289383980,384000,3,2,77.0,4987.012987012987,6,T3
Lyon 6,1290041179,599000,4,3,113.0,5300.884955752213,6,T4+
Lyon 6,1289278394,485000,5,3,107.0,4532.710280373832,6,T4+
Lyon 6,1287859661,995000,6,3,186.0,5349.462365591397,6,T4+
Lyon 6,1288041609,496000,3,2,84.0,5904.761904761905,6,T3
Lyon 6,1289696249,365000,4,2,86.0,4244.186046511628,6,T4+
Lyon 6,1289694758,149000,1,1,27.0,5518.518518518518,6,Studio/T1
Lyon 6,1290085051,195000,2,1,32.0,6093.75,6,T2
Lyon 6,1288749730,474000,2,1,88.0,5386.363636363636,6,T2
Lyon 6,1290079380,1160000,6,4,173.0,6705.202312138728,6,T4+
Lyon 6,1290079271,295000,3,1,63.0,4682.539682539683,6,T3
Lyon 6,1290078188,540000,4,3,110.0,4909.090909090909,6,T4+
Lyon 6,1286600694,849000,5,4,170.0,4994.117647058823,6,T4+
Lyon 6,1284421360,250000,2,1,45.0,5555.555555555556,6,T2
Lyon 6,1289489883,850000,5,4,190.0,4473.684210526316,6,T4+
Lyon 6,1290019204,290000,2,1,58.0,5000.0,6,T2
Lyon 6,1290109749,375000,3,2,70.0,5357.142857142857,6,T3
Lyon 6,1290031047,850000,5,4,141.0,6028.368794326241,6,T4+
Lyon 6,1290012754,450000,3,2,71.0,6338.028169014085,6,T3
Lyon 6,1290062129,529000,3,2,87.0,6080.459770114942,6,T3
Lyon 6,1290062130,499000,3,2,73.0,6835.6164383561645,6,T3
Lyon 6,1289524954,225000,2,1,48.0,4687.5,6,T2
Lyon 6,1289415636,375000,4,3,94.0,3989.3617021276596,6,T4+
Lyon 6,1288749726,350000,3,2,65.0,5384.615384615385,6,T3
Lyon 6,1279483689,500000,4,3,105.0,4761.9047619047615,6,T4+
Lyon 6,1289921037,425000,3,2,75.0,5666.666666666667,6,T3
Lyon 6,1288826336,98000,1,1,16.0,6125.0,6,Studio/T1
Lyon 6,1290040154,650000,4,3,110.0,5909.090909090909,6,T4+
Lyon 6,1288024882,190000,1,1,29.0,6551.724137931034,6,Studio/T1
Lyon 6,1288024881,210000,1,1,33.0,6363.636363636364,6,Studio/T1
Lyon 6,1286578750,650000,5,4,125.0,5200.0,6,T4+
Lyon 6,1289985854,545000,6,4,128.0,4257.8125,6,T4+
Lyon 6,1289281192,299000,3,2,79.0,3784.8101265822784,6,T3
Lyon 6,1289976531,189000,1,1,32.0,5906.25,6,Studio/T1
Lyon 6,1289960947,940500,4,3,150.0,6270.0,6,T4+
Lyon 6,1289988389,850000,5,4,158.0,5379.7468354430375,6,T4+
Lyon 6,1289920006,285000,2,1,60.0,4750.0,6,T2
Lyon 6,1288766035,940000,5,4,137.0,6861.313868613139,6,T4+
Lyon 6,1288397976,650000,4,3,110.0,5909.090909090909,6,T4+
Lyon 6,1289916234,995000,5,4,135.0,7370.37037037037,6,T4+
Lyon 6,1289900688,280000,2,1,70.0,4000.0,6,T2
Lyon 6,1289898938,469000,3,2,82.0,5719.512195121952,6,T3
Lyon 6,1289896312,115000,2,1,39.0,2948.7179487179487,6,T2
Lyon 6,1289568954,369000,3,2,62.0,5951.612903225807,6,T3
Lyon 6,1288694757,695000,3,2,103.0,6747.57281553398,6,T3
Lyon 6,1279324507,290000,2,1,46.0,6304.347826086957,6,T2
Lyon 6,1288856039,299000,3,2,74.0,4040.5405405405404,6,T3
Lyon 6,1289689039,398000,2,1,65.0,6123.076923076923,6,T2
Lyon 6,1288669501,733600,5,3,137.0,5354.744525547445,6,T4+
Lyon 6,1288669500,377000,2,1,65.0,5800.0,6,T2
Lyon 6,1288927702,377000,2,1,66.0,5712.121212121212,6,T2
Lyon 6,1289193450,299000,3,2,84.0,3559.5238095238096,6,T3
Lyon 6,1289410280,665600,3,2,80.0,8320.0,6,T3
Lyon 6,1289828471,190000,2,1,31.0,6129.032258064516,6,T2
Lyon 6,1289828470,590000,4,3,101.0,5841.584158415842,6,T4+
Lyon 6,1289786428,620000,4,3,107.0,5794.392523364486,6,T4+
Lyon 6,1289000795,403000,3,2,87.0,4632.183908045977,6,T3
Lyon 6,1289785519,555000,5,3,119.0,4663.865546218487,6,T4+
Lyon 6,1289186980,179000,1,1,32.0,5593.75,6,Studio/T1
Lyon 6,1287407719,269500,3,2,80.0,3368.75,6,T3
Lyon 6,1287397333,229000,1,1,34.0,6735.294117647059,6,Studio/T1
Lyon 6,1289628199,855000,5,3,140.0,6107.142857142857,6,T4+
Lyon 6,1289730174,305000,2,1,60.0,5083.333333333333,6,T2
Lyon 6,1289009159,449000,3,2,118.0,3805.084745762712,6,T3
Lyon 6,1289707697,555000,4,3,115.0,4826.086956521739,6,T4+
Lyon 6,1288026464,500000,3,2,73.0,6849.315068493151,6,T3
Lyon 6,1290161620,1290000,7,4,165.0,7818.181818181818,6,T4+
Lyon 6,1286600517,100000,1,1,12.0,8333.333333333334,6,Studio/T1
Lyon 6,1285803972,700000,3,2,95.0,7368.421052631579,6,T3
Lyon 6,1289662796,69000,1,1,26.0,2653.846153846154,6,Studio/T1
Lyon 6,1288466833,639000,5,3,117.0,5461.538461538462,6,T4+
Lyon 6,1289652456,159000,1,1,27.0,5888.888888888889,6,Studio/T1
Lyon 6,1287284877,110000,1,1,14.0,7857.142857142857,6,Studio/T1
Lyon 6,1289596254,268000,2,1,56.0,4785.714285714285,6,T2
Lyon 6,1288334290,210000,2,1,47.0,4468.085106382979,6,T2
Lyon 6,1290161617,715000,4,3,108.0,6620.37037037037,6,T4+
Lyon 6,1287193261,550000,4,3,100.0,5500.0,6,T4+
Lyon 6,1289524932,550000,5,4,118.0,4661.016949152542,6,T4+
Lyon 6,1289518196,700000,8,4,155.0,4516.129032258064,6,T4+
Lyon 6,1289502403,525000,4,3,102.0,5147.058823529412,6,T4+
Lyon 6,1289494821,195000,2,2,41.0,4756.09756097561,6,T2
Lyon 6,1289470272,650000,3,2,100.0,6500.0,6,T3
Lyon 6,1289443348,215000,2,1,46.0,4673.913043478261,6,T2
Lyon 6,1287060407,234000,2,1,50.0,4680.0,6,T2
Lyon 6,1288537328,359000,4,3,86.0,4174.418604651163,6,T4+
Lyon 6,1286600310,330000,2,1,59.0,5593.220338983051,6,T2
Lyon 6,1288298540,155000,1,1,24.0,6458.333333333333,6,Studio/T1
Lyon 6,1286923278,779000,4,3,112.0,6955.357142857143,6,T4+
Lyon 6,1288074162,220000,2,1,36.0,6111.111111111111,6,T2
Lyon 6,1289152369,449000,4,2,75.0,5986.666666666667,6,T4+
Lyon 6,1286938969,570000,4,3,105.0,5428.571428571428,6,T4+
Lyon 6,1289219883,749000,4,3,120.0,6241.666666666667,6,T4+
Lyon 6,1289134765,1355000,7,6,134.0,10111.940298507463,6,T4+
Lyon 6,1288650963,329000,2,1,38.0,8657.894736842105,6,T2
Lyon 6,1286658800,850000,5,3,160.0,5312.5,6,T4+
Lyon 6,1287793053,795000,5,4,152.0,5230.263157894737,6,T4+
Lyon 6,1288164090,175000,2,1,50.0,3500.0,6,T2
Lyon 6,1286600686,335000,2,1,60.0,5583.333333333333,6,T2
Lyon 7,1289274597,479000,4,3,92.0,5206.521739130435,7,T4+
Lyon 7,1289358232,460000,3,2,87.0,5287.35632183908,7,T3
Lyon 7,1289367648,210000,2,1,54.0,3888.8888888888887,7,T2
Lyon 7,1289167462,86500,1,1,21.0,4119.047619047619,7,Studio/T1
Lyon 7,1290086601,165000,1,1,27.0,6111.111111111111,7,Studio/T1
Lyon 7,1290173462,375000,4,3,82.0,4573.170731707317,7,T4+
Lyon 7,1290173105,325000,2,1,58.0,5603.448275862069,7,T2
Lyon 7,1289208872,215000,2,1,45.0,4777.777777777777,7,T2
Lyon 7,1289953861,190000,2,1,39.0,4871.794871794872,7,T2
Lyon 7,1289785116,235000,3,2,59.0,3983.0508474576272,7,T3
Lyon 7,1289360731,280000,3,2,60.0,4666.666666666667,7,T3
Lyon 7,1287891028,359000,3,2,72.0,4986.111111111111,7,T3
Lyon 7,1289567400,205000,1,1,40.0,5125.0,7,Studio/T1
Lyon 7,1290146826,129000,2,1,29.0,4448.275862068966,7,T2
Lyon 7,1289867871,70000,1,1,18.0,3888.8888888888887,7,Studio/T1
Lyon 7,1288528330,199000,2,1,49.0,4061.2244897959185,7,T2
Lyon 7,1289533522,290000,3,2,67.0,4328.358208955224,7,T3
Lyon 7,1288818588,67000,1,1,18.0,3722.222222222222,7,Studio/T1
Lyon 7,1288749722,152000,1,1,30.0,5066.666666666667,7,Studio/T1
Lyon 7,1288749481,160000,1,1,38.0,4210.526315789473,7,Studio/T1
Lyon 7,1288749480,170000,2,1,50.0,3400.0,7,T2
Lyon 7,1289924246,336000,3,2,66.0,5090.909090909091,7,T3
Lyon 7,1288959343,245000,3,2,65.0,3769.230769230769,7,T3
Lyon 7,1289944534,890000,7,4,188.0,4734.04255319149,7,T4+
Lyon 7,1287230414,159000,2,1,36.0,4416.666666666667,7,T2
Lyon 7,1285998879,139000,2,1,26.0,5346.153846153846,7,T2
Lyon 7,1286494326,249000,4,3,74.0,3364.864864864865,7,T4+
Lyon 7,1288749479,240000,3,2,69.0,3478.2608695652175,7,T3
Lyon 7,1286268106,450000,5,4,112.0,4017.8571428571427,7,T4+
Lyon 7,1289915986,255000,3,2,54.0,4722.222222222223,7,T3
Lyon 7,1289997275,92000,1,1,20.0,4600.0,7,Studio/T1
Lyon 7,1288799874,345000,4,2,98.0,3520.408163265306,7,T4+
Lyon 7,1290147083,495000,4,3,93.0,5322.580645161291,7,T4+
Lyon 7,1290147133,840000,4,3,103.0,8155.339805825242,7,T4+
Lyon 7,1290147087,335000,2,1,53.0,6320.754716981132,7,T2
Lyon 7,1288694051,218000,2,1,48.0,4541.666666666667,7,T2
Lyon 7,1288693129,399000,4,3,102.0,3911.764705882353,7,T4+
Lyon 7,1289933059,55000,1,7,12.0,4583.333333333333,7,Studio/T1
Lyon 7,1290105441,730000,7,5,202.0,3613.861386138614,7,T4+
Lyon 7,1289681547,248000,2,2,63.0,3936.5079365079364,7,T2
Lyon 7,1290147124,299000,2,1,45.0,6644.444444444444,7,T2
Lyon 7,1290147125,499000,4,3,80.0,6237.5,7,T4+
Lyon 7,1290147167,417000,4,3,90.0,4633.333333333333,7,T4+
Lyon 7,1290147048,383000,3,2,60.0,6383.333333333333,7,T3
Lyon 7,1290089903,218000,2,1,49.0,4448.9795918367345,7,T2
Lyon 7,1290085028,215000,2,1,57.0,3771.9298245614036,7,T2
Lyon 7,1290079593,210000,2,1,49.0,4285.714285714285,7,T2
Lyon 7,1290079409,335000,3,2,76.0,4407.894736842105,7,T3
Lyon 7,1290033198,575000,5,3,109.0,5275.229357798165,7,T4+
Lyon 7,1288897000,493000,3,2,95.0,5189.473684210527,7,T3
Lyon 7,1289644300,140000,1,1,38.0,3684.2105263157896,7,Studio/T1
Lyon 7,1289649268,320000,3,2,73.0,4383.561643835616,7,T3
Lyon 7,1288313716,350000,4,3,85.0,4117.64705882353,7,T4+
Lyon 7,1290033205,405000,4,3,79.0,5126.5822784810125,7,T4+
Lyon 7,1288749520,410000,4,3,88.0,4659.090909090909,7,T4+
Lyon 7,1289899068,500000,5,3,109.0,4587.155963302752,7,T4+
Lyon 7,1288036707,329000,4,3,95.0,3463.157894736842,7,T4+
Lyon 7,1288528378,319000,3,2,60.0,5316.666666666667,7,T3
Lyon 7,1289533521,185000,2,1,30.0,6166.666666666667,7,T2
Lyon 7,1288827119,120000,1,1,29.0,4137.931034482759,7,Studio/T1
Lyon 7,1287584412,95746,1,1,19.0,5039.263157894737,7,Studio/T1
Lyon 7,1289998104,379000,3,2,66.0,5742.424242424242,7,T3
Lyon 7,1289998100,439000,3,2,61.0,7196.7213114754095,7,T3
Lyon 7,1289998030,468000,4,3,92.0,5086.95652173913,7,T4+
Lyon 7,1289444497,249000,3,2,61.0,4081.967213114754,7,T3
Lyon 7,1289636607,280000,3,2,76.0,3684.2105263157896,7,T3
Lyon 7,1289996042,149000,2,1,33.0,4515.151515151515,7,T2
Lyon 7,1289996038,286000,3,2,57.0,5017.543859649123,7,T3
Lyon 7,1289994104,110000,1,1,16.0,6875.0,7,Studio/T1
Lyon 7,1289993614,335000,3,2,80.0,4187.5,7,T3
Lyon 7,1287737133,499000,4,3,82.0,6085.365853658536,7,T4+
Lyon 7,1288977940,379000,3,2,66.0,5742.424242424242,7,T3
Lyon 7,1288977942,579000,5,4,95.0,6094.736842105263,7,T4+
Lyon 7,1289083278,364000,3,2,66.0,5515.151515151515,7,T3
Lyon 7,1289807552,270000,2,1,48.0,5625.0,7,T2
Lyon 7,1289807554,466000,4,3,76.0,6131.578947368421,7,T4+
Lyon 7,1288977941,475000,4,3,78.0,6089.74358974359,7,T4+
Lyon 7,1288977943,235000,3,2,58.0,4051.7241379310344,7,T3
Lyon 7,1289083279,519000,4,3,95.0,5463.1578947368425,7,T4+
Lyon 7,1289807553,340000,3,2,61.0,5573.770491803279,7,T3
Lyon 7,1289807555,596000,5,4,96.0,6208.333333333333,7,T4+
Lyon 7,1288699355,520000,4,3,92.0,5652.173913043478,7,T4+
Lyon 7,1289045070,716000,5,4,103.0,6951.456310679611,7,T4+
Lyon 7,1289045072,395000,3,2,61.0,6475.4098360655735,7,T3
Lyon 7,1288527200,1190000,5,4,109.0,10917.43119266055,7,T4+
Lyon 7,1288527198,455000,3,2,68.0,6691.176470588235,7,T3
Lyon 7,1289766387,239000,3,2,59.0,4050.8474576271187,7,T3
Lyon 7,1289987167,165000,2,1,48.0,3437.5,7,T2
Lyon 7,1288841292,332000,2,1,69.0,4811.594202898551,7,T2
Lyon 7,1289952546,499000,4,3,111.0,4495.495495495496,7,T4+
Lyon 7,1288528617,450000,4,2,88.0,5113.636363636364,7,T4+
Lyon 7,1290134627,390000,3,2,75.0,5200.0,7,T3
Lyon 7,1289974349,299000,2,1,50.0,5980.0,7,T2
Lyon 7,1289974343,595000,4,3,87.0,6839.080459770115,7,T4+
Lyon 7,1288780311,315000,3,2,65.0,4846.153846153846,7,T3
Lyon 7,1287560803,364000,3,2,66.0,5515.151515151515,7,T3
Lyon 7,1285085324,95000,1,1,19.0,5000.0,7,Studio/T1
Lyon 7,1289953813,81982,1,1,20.0,4099.1,7,Studio/T1
Lyon 7,1289952416,350000,5,4,100.0,3500.0,7,T4+
Lyon 7,1288753836,87000,1,1,18.0,4833.333333333333,7,Studio/T1
Lyon 7,1289897288,299000,3,2,60.0,4983.333333333333,7,T3
Lyon 7,1289896053,630000,4,3,118.0,5338.983050847458,7,T4+
Lyon 7,1289740178,180000,4,2,60.0,3000.0,7,T4+
Lyon 7,1288399246,364000,3,2,66.0,5515.151515151515,7,T3
Lyon 7,1286160212,439000,4,2,114.0,3850.877192982456,7,T4+
Lyon 7,1288699357,705000,5,4,119.0,5924.36974789916,7,T4+
Lyon 7,1288653141,499000,3,2,89.0,5606.741573033708,7,T3
Lyon 7,1289864315,470000,4,3,82.0,5731.707317073171,7,T4+
Lyon 7,1289863239,390000,3,2,64.0,6093.75,7,T3
Lyon 7,1289861840,73700,1,1,18.0,4094.4444444444443,7,Studio/T1
Lyon 7,1289045071,601000,4,3,90.0,6677.777777777777,7,T4+
Lyon 7,1288527199,635000,4,3,81.0,7839.506172839506,7,T4+
Lyon 7,1288897859,379000,3,2,72.0,5263.888888888889,7,T3
Lyon 7,1289856295,245000,2,1,45.0,5444.444444444444,7,T2
Lyon 7,1289329515,133500,1,1,30.0,4450.0,7,Studio/T1
Lyon 7,1289856291,700000,6,4,175.0,4000.0,7,T4+
Lyon 7,1289838486,318000,3,2,70.0,4542.857142857143,7,T3
Lyon 7,1289547659,285000,3,2,56.0,5089.285714285715,7,T3
Lyon 7,1289828469,450000,5,4,107.0,4205.607476635514,7,T4+
Lyon 7,1287755382,81000,1,1,18.0,4500.0,7,Studio/T1
Lyon 7,1289392859,325000,3,2,63.0,5158.730158730159,7,T3
Lyon 7,1289895878,494000,3,2,66.0,7484.848484848485,7,T3
Lyon 7,1289895877,483000,3,2,65.0,7430.7692307692305,7,T3
Lyon 7,1289895876,449000,3,2,61.0,7360.6557377049185,7,T3
Lyon 7,1289470306,395000,3,2,75.0,5266.666666666667,7,T3
Lyon 7,1289798579,285000,3,2,57.0,5000.0,7,T3
Lyon 7,1288611074,94000,1,1,21.0,4476.190476190476,7,Studio/T1
Lyon 7,1288613787,321000,4,3,82.0,3914.6341463414633,7,T4+
Lyon 7,1288806569,273000,2,1,56.0,4875.0,7,T2
Lyon 7,1289781540,380000,3,2,85.0,4470.588235294118,7,T3
Lyon 7,1289776779,315000,3,2,60.0,5250.0,7,T3
Lyon 7,1289771162,349000,3,2,78.0,4474.358974358975,7,T3
Lyon 7,1289767411,195000,4,3,62.0,3145.1612903225805,7,T4+
Lyon 7,1289444465,370000,4,3,86.0,4302.325581395349,7,T4+
Lyon 7,1289765570,249000,3,2,62.0,4016.1290322580644,7,T3
Lyon 7,1289752894,273000,2,1,56.0,4875.0,7,T2
Lyon 7,1289895890,591400,5,4,94.0,6291.489361702128,7,T4+
Lyon 7,1289895882,642300,4,3,94.0,6832.978723404255,7,T4+
Lyon 7,1289895888,499000,4,3,77.0,6480.519480519481,7,T4+
Lyon 7,1289895881,529900,4,3,80.0,6623.75,7,T4+
Lyon 7,1289895880,434900,3,2,66.0,6589.393939393939,7,T3
Lyon 7,1289895871,299000,2,1,45.0,6644.444444444444,7,T2
Lyon 7,1289895874,459900,3,2,66.0,6968.181818181818,7,T3
Lyon 7,1289895875,419900,3,2,66.0,6362.121212121212,7,T3
Lyon 7,1289895867,242300,1,1,31.0,7816.129032258064,7,Studio/T1
Lyon 7,1289663928,135000,2,1,30.0,4500.0,7,T2
Lyon 7,1289694563,325000,3,2,63.0,5158.730158730159,7,T3
Lyon 7,1289694358,555000,3,2,68.0,8161.764705882353,7,T3
Lyon 7,1289694297,675000,4,3,85.0,7941.176470588235,7,T4+
Lyon 7,1290063140,589000,4,3,90.0,6544.444444444444,7,T4+
Lyon 7,1290063146,783000,5,4,100.0,7830.0,7,T4+
Lyon 7,1290063144,630000,4,3,83.0,7590.361445783133,7,T4+
Lyon 7,1290147191,365000,2,1,50.0,7300.0,7,T2
Lyon 7,1290147193,439000,3,2,62.0,7080.645161290323,7,T3
Lyon 7,1290063100,355000,3,2,66.0,5378.787878787879,7,T3
Lyon 7,1290063063,440000,4,3,76.0,5789.473684210527,7,T4+
Lyon 7,1290063062,272000,2,1,45.0,6044.444444444444,7,T2
Lyon 7,1290063060,694000,5,4,50.0,13880.0,7,T4+
Lyon 7,1290063061,350000,3,2,61.0,5737.704918032787,7,T3
Lyon 7,1290063053,680000,5,4,121.0,5619.834710743801,7,T4+
Lyon 7,1289691509,395000,3,2,75.0,5266.666666666667,7,T3
Lyon 7,1288496651,299000,4,3,68.0,4397.058823529412,7,T4+
Lyon 7,1289679212,102000,1,1,18.0,5666.666666666667,7,Studio/T1
Lyon 7,1289134705,230000,2,1,53.0,4339.622641509434,7,T2
Lyon 7,1288313622,295000,3,2,55.0,5363.636363636364,7,T3
Lyon 7,1290009533,639000,4,3,95.0,6726.315789473684,7,T4+
Lyon 7,1288010290,235000,2,1,43.0,5465.116279069767,7,T2
Lyon 7,1289895889,587000,5,4,104.0,5644.2307692307695,7,T4+
Lyon 7,1289895872,403000,3,2,69.0,5840.579710144928,7,T3
Lyon 7,1289895869,324000,2,1,52.0,6230.7692307692305,7,T2
Lyon 7,1289895873,405000,3,2,72.0,5625.0,7,T3
Lyon 7,1289895870,353000,2,1,57.0,6192.982456140351,7,T2
Lyon 7,1289895868,335000,2,1,53.0,6320.754716981132,7,T2
Lyon 7,1290151716,520000,5,3,106.0,4905.66037735849,7,T4+
Lyon 7,1289113642,195000,2,1,36.0,5416.666666666667,7,T2
Lyon 7,1289627920,136000,1,1,28.0,4857.142857142857,7,Studio/T1
Lyon 7,1289605771,105682,1,1,20.0,5284.1,7,Studio/T1
Lyon 7,1289598946,515000,4,3,89.0,5786.516853932584,7,T4+
Lyon 7,1289598639,332000,2,1,69.0,4811.594202898551,7,T2
Lyon 7,1289598559,75000,1,1,18.0,4166.666666666667,7,Studio/T1
Lyon 7,1289597378,350000,4,3,73.0,4794.520547945205,7,T4+
Lyon 7,1289597195,295000,3,2,55.0,5363.636363636364,7,T3
Lyon 7,1289596990,499000,3,2,85.0,5870.588235294118,7,T3
Lyon 7,1289596886,299000,4,3,76.0,3934.2105263157896,7,T4+
Lyon 7,1288393208,288000,3,2,64.0,4500.0,7,T3
Lyon 7,1289564599,240000,2,1,41.0,5853.658536585366,7,T2
Lyon 7,1289341154,240000,2,1,34.0,7058.823529411765,7,T2
Lyon 7,1288325238,535000,4,3,89.0,6011.23595505618,7,T4+
Lyon 7,1288314119,480000,4,3,87.0,5517.241379310345,7,T4+
Lyon 7,1287263014,115000,1,1,19.0,6052.631578947368,7,Studio/T1
Lyon 7,1289519550,157000,1,1,30.0,5233.333333333333,7,Studio/T1
Lyon 7,1288617224,185000,3,2,53.0,3490.566037735849,7,T3
Lyon 7,1288898464,320000,3,2,66.0,4848.484848484848,7,T3
Lyon 7,1288852731,325000,3,2,70.0,4642.857142857143,7,T3
Lyon 7,1288260923,365000,4,3,82.0,4451.219512195122,7,T4+
Lyon 7,1287739969,329000,3,2,74.0,4445.945945945946,7,T3
Lyon 7,1289443349,520000,5,3,104.0,5000.0,7,T4+
Lyon 7,1290147134,579000,5,4,95.0,6094.736842105263,7,T4+
Lyon 7,1290147131,389900,3,2,70.0,5570.0,7,T3
Lyon 7,1289430084,269000,3,2,56.0,4803.571428571428,7,T3
Lyon 7,1287081437,149900,2,1,40.0,3747.5,7,T2
Lyon 7,1289392862,680000,4,3,115.0,5913.04347826087,7,T4+
Lyon 7,1290147064,425000,3,2,70.0,6071.428571428572,7,T3
Lyon 7,1290147063,650000,4,3,90.0,7222.222222222223,7,T4+
Lyon 7,1290147047,563000,4,3,90.0,6255.555555555556,7,T4+
Lyon 7,1288653159,290000,2,1,60.0,4833.333333333333,7,T2
Lyon 7,1289364385,229000,2,1,55.0,4163.636363636364,7,T2
Lyon 7,1289895883,595000,4,3,86.0,6918.604651162791,7,T4+
Lyon 7,1288393465,390000,3,2,76.0,5131.578947368421,7,T3
Lyon 7,1289180750,249000,2,1,59.0,4220.338983050848,7,T2
Lyon 7,1287562714,199000,2,1,42.0,4738.0952380952385,7,T2
Lyon 7,1287263264,320000,5,4,87.0,3678.1609195402298,7,T4+
Lyon 7,1289259978,251000,3,2,84.0,2988.095238095238,7,T3
Lyon 7,1289219790,175500,2,1,44.0,3988.6363636363635,7,T2
Lyon 7,1287364094,365000,4,3,83.0,4397.590361445783,7,T4+
Lyon 7,1289191103,412000,3,2,64.0,6437.5,7,T3
Lyon 7,1289186287,180000,2,1,48.0,3750.0,7,T2
Lyon 7,1287947235,489000,5,4,112.0,4366.071428571428,7,T4+
Lyon 7,1287938375,390000,3,2,67.0,5820.895522388059,7,T3
Lyon 7,1288468032,195000,2,1,32.0,6093.75,7,T2
Lyon 7,1289116512,370000,3,2,91.0,4065.934065934066,7,T3
Lyon 7,1289087675,449000,3,2,86.0,5220.930232558139,7,T3
Lyon 7,1290151685,326900,3,2,82.0,3986.5853658536585,7,T3
Lyon 7,1288393346,125000,1,1,23.0,5434.782608695652,7,Studio/T1
Lyon 7,1288611527,449000,4,3,86.0,5220.930232558139,7,T4+
Lyon 7,1289571934,549000,5,4,117.0,4692.307692307692,7,T4+
Lyon 7,1288889110,378000,3,2,87.0,4344.827586206897,7,T3
Lyon 7,1288601448,183500,1,1,27.0,6796.2962962962965,7,Studio/T1
Lyon 7,1287105936,200000,1,1,41.0,4878.048780487805,7,Studio/T1
Lyon 7,1288446284,295000,5,3,93.0,3172.043010752688,7,T4+
Lyon 7,1290165496,275000,2,1,47.0,5851.063829787234,7,T2
Lyon 7,1290165497,345000,3,2,60.0,5750.0,7,T3
Lyon 7,1290165495,364000,3,2,65.0,5600.0,7,T3
Lyon 7,1290165493,585000,4,3,87.0,6724.137931034483,7,T4+
Lyon 7,1290165485,601000,4,3,90.0,6677.777777777777,7,T4+
Lyon 7,1290165482,439000,3,2,61.0,7196.7213114754095,7,T3
Lyon 7,1288970577,280000,3,2,63.0,4444.444444444444,7,T3
Lyon 7,1289152400,199000,1,1,41.0,4853.658536585366,7,Studio/T1
Lyon 7,1289856290,225000,2,1,51.0,4411.764705882353,7,T2
Lyon 7,1287123515,104900,1,1,19.0,5521.0526315789475,7,Studio/T1
Lyon 8,1288841296,199000,3,2,60.0,3316.6666666666665,8,T3
Lyon 8,1290053209,250000,4,3,97.0,2577.319587628866,8,T4+
Lyon 8,1288749555,270000,4,3,92.0,2934.782608695652,8,T4+
Lyon 8,1290196082,425000,4,2,82.0,5182.926829268293,8,T4+
Lyon 8,1290193935,549900,4,3,95.0,5788.421052631579,8,T4+
Lyon 8,1290190329,149300,1,1,53.0,2816.9811320754716,8,Studio/T1
Lyon 8,1289016533,159900,2,1,53.0,3016.9811320754716,8,T2
Lyon 8,1287763054,185000,3,2,71.0,2605.6338028169016,8,T3
Lyon 8,1289056957,170000,4,3,80.0,2125.0,8,T4+
Lyon 8,1289415566,119000,1,1,35.0,3400.0,8,Studio/T1
Lyon 8,1290172371,250000,4,3,73.0,3424.6575342465753,8,T4+
Lyon 8,1290115171,245000,3,2,68.0,3602.9411764705883,8,T3
Lyon 8,1290159847,114000,1,1,20.0,5700.0,8,Studio/T1
Lyon 8,1285837216,78000,1,1,19.0,4105.263157894737,8,Studio/T1
Lyon 8,1284054947,80000,1,1,21.0,3809.5238095238096,8,Studio/T1
Lyon 8,1289186528,136000,1,1,24.0,5666.666666666667,8,Studio/T1
Lyon 8,1287920111,110000,2,1,28.0,3928.5714285714284,8,T2
Lyon 8,1289059963,255000,3,2,65.0,3923.076923076923,8,T3
Lyon 8,1289975464,269000,5,4,95.0,2831.5789473684213,8,T4+
Lyon 8,1289249800,260000,4,3,74.0,3513.5135135135133,8,T4+
Lyon 8,1289757608,242000,2,1,44.0,5500.0,8,T2
Lyon 8,1289099994,270000,4,3,92.0,2934.782608695652,8,T4+
Lyon 8,1288846362,140000,1,1,33.0,4242.424242424242,8,Studio/T1
Lyon 8,1290155755,479550,4,3,94.0,5101.595744680851,8,T4+
Lyon 8,1289048174,335000,3,2,65.0,5153.846153846154,8,T3
Lyon 8,1289700569,131000,1,1,27.0,4851.851851851852,8,Studio/T1
Lyon 8,1290147504,155000,2,1,35.0,4428.571428571428,8,T2
Lyon 8,1289132916,245000,3,2,65.0,3769.230769230769,8,T3
Lyon 8,1289025501,250000,2,1,43.0,5813.953488372093,8,T2
Lyon 8,1289967727,199000,2,1,46.0,4326.086956521739,8,T2
Lyon 8,1287730252,325000,3,2,76.0,4276.315789473684,8,T3
Lyon 8,1289982392,260000,4,3,80.0,3250.0,8,T4+
Lyon 8,1289816139,279000,3,2,58.0,4810.3448275862065,8,T3
Lyon 8,1288079771,215000,5,4,110.0,1954.5454545454545,8,T4+
Lyon 8,1290141680,180000,3,2,56.0,3214.285714285714,8,T3
Lyon 8,1286119276,360000,4,3,93.0,3870.967741935484,8,T4+
Lyon 8,1288749517,55000,1,1,18.0,3055.5555555555557,8,Studio/T1
Lyon 8,1288749514,65000,1,1,18.0,3611.1111111111113,8,Studio/T1
Lyon 8,1288749806,132000,1,1,25.0,5280.0,8,Studio/T1
Lyon 8,1289827184,145000,1,1,30.0,4833.333333333333,8,Studio/T1
Lyon 8,1289298200,275000,4,3,85.0,3235.294117647059,8,T4+
Lyon 8,1288749518,60000,1,1,18.0,3333.3333333333335,8,Studio/T1
Lyon 8,1288749791,200000,3,2,71.0,2816.9014084507044,8,T3
Lyon 8,1288749796,278000,4,3,90.0,3088.8888888888887,8,T4+
Lyon 8,1288749802,330000,3,2,70.0,4714.285714285715,8,T3
Lyon 8,1288749804,144000,1,1,26.0,5538.461538461538,8,Studio/T1
Lyon 8,1288951428,230000,3,2,68.0,3382.3529411764707,8,T3
Lyon 8,1285827863,260000,6,4,113.0,2300.8849557522126,8,T4+
Lyon 8,1290120439,660000,5,4,125.0,5280.0,8,T4+
Lyon 8,1288943101,580000,5,3,160.0,3625.0,8,T4+
Lyon 8,1288850318,299000,4,3,81.0,3691.358024691358,8,T4+
Lyon 8,1290112272,160000,2,1,40.0,4000.0,8,T2
Lyon 8,1290112266,233500,3,2,49.0,4765.306122448979,8,T3
Lyon 8,1290108131,170000,2,1,38.0,4473.684210526316,8,T2
Lyon 8,1288369878,248000,5,3,77.0,3220.779220779221,8,T4+
Lyon 8,1289287666,370000,3,2,64.0,5781.25,8,T3
Lyon 8,1289687312,320000,4,3,83.0,3855.421686746988,8,T4+
Lyon 8,1288497423,325000,3,2,69.0,4710.144927536232,8,T3
Lyon 8,1289835947,633000,5,4,111.0,5702.7027027027025,8,T4+
Lyon 8,1290106754,270000,4,3,104.0,2596.153846153846,8,T4+
Lyon 8,1288749710,259000,3,2,66.0,3924.242424242424,8,T3
Lyon 8,1285211339,179000,4,3,82.0,2182.9268292682927,8,T4+
Lyon 8,1290134600,169900,3,2,66.0,2574.242424242424,8,T3
Lyon 8,1288916404,320000,2,1,52.0,6153.846153846154,8,T2
Lyon 8,1290082759,150000,3,2,74.0,2027.027027027027,8,T3
Lyon 8,1285668860,184000,3,1,57.0,3228.0701754385964,8,T3
Lyon 8,1288063350,189000,3,2,63.0,3000.0,8,T3
Lyon 8,1290080663,298000,3,2,65.0,4584.615384615385,8,T3
Lyon 8,1284275506,408500,5,4,95.0,4300.0,8,T4+
Lyon 8,1288749707,217000,3,2,61.0,3557.377049180328,8,T3
Lyon 8,1289974253,315000,2,1,60.0,5250.0,8,T2
Lyon 8,1288898201,312000,3,2,62.0,5032.258064516129,8,T3
Lyon 8,1290147179,326000,3,2,65.0,5015.384615384615,8,T3
Lyon 8,1289646030,89000,1,1,18.0,4944.444444444444,8,Studio/T1
Lyon 8,1290147156,360000,4,3,80.0,4500.0,8,T4+
Lyon 8,1290063088,279000,3,2,60.0,4650.0,8,T3
Lyon 8,1284433166,330000,4,3,102.0,3235.294117647059,8,T4+
Lyon 8,1290012694,360000,3,2,77.0,4675.324675324675,8,T3
Lyon 8,1288850314,389000,4,2,90.0,4322.222222222223,8,T4+
Lyon 8,1289863080,214000,2,1,49.0,4367.34693877551,8,T2
Lyon 8,1289878099,315000,4,3,81.0,3888.8888888888887,8,T4+
Lyon 8,1290000131,143000,1,1,25.0,5720.0,8,Studio/T1
Lyon 8,1288827945,195000,4,2,82.0,2378.048780487805,8,T4+
Lyon 8,1287604736,335600,3,2,61.0,5501.639344262295,8,T3
Lyon 8,1286482263,349000,3,2,72.0,4847.222222222223,8,T3
Lyon 8,1289083317,417604,4,3,83.0,5031.373493975903,8,T4+
Lyon 8,1286844636,235000,3,2,66.0,3560.6060606060605,8,T3
Lyon 8,1289987165,305000,3,2,72.0,4236.111111111111,8,T3
Lyon 8,1289982705,230000,2,1,58.0,3965.5172413793102,8,T2
Lyon 8,1289606134,159500,2,1,37.0,4310.810810810811,8,T2
Lyon 8,1287848666,190000,3,2,61.0,3114.754098360656,8,T3
Lyon 8,1289975342,350000,4,2,80.0,4375.0,8,T4+
Lyon 8,1286966657,370000,4,3,90.0,4111.111111111111,8,T4+
Lyon 8,1286966653,440000,4,3,99.0,4444.444444444444,8,T4+
Lyon 8,1289136751,480000,4,2,89.0,5393.258426966292,8,T4+
Lyon 8,1288779145,250000,3,2,63.0,3968.253968253968,8,T3
Lyon 8,1289953018,300000,3,2,72.0,4166.666666666667,8,T3
Lyon 8,1289952420,580000,5,3,160.0,3625.0,8,T4+
Lyon 8,1288088239,177000,4,2,70.0,2528.5714285714284,8,T4+
Lyon 8,1289135764,315000,4,3,81.0,3888.8888888888887,8,T4+
Lyon 8,1289944318,340000,5,3,102.0,3333.3333333333335,8,T4+
Lyon 8,1288933433,310000,5,3,112.0,2767.8571428571427,8,T4+
Lyon 8,1289943545,340000,5,3,103.0,3300.970873786408,8,T4+
Lyon 8,1289909144,199000,2,1,54.0,3685.185185185185,8,T2
Lyon 8,1289900928,189000,3,2,73.0,2589.041095890411,8,T3
Lyon 8,1289898945,500000,4,3,120.0,4166.666666666667,8,T4+
Lyon 8,1289898941,265000,4,3,72.0,3680.5555555555557,8,T4+
Lyon 8,1289896332,167000,4,3,68.0,2455.8823529411766,8,T4+
Lyon 8,1289879147,289000,3,2,55.0,5254.545454545455,8,T3
Lyon 8,1289868962,220000,4,2,76.0,2894.7368421052633,8,T4+
Lyon 8,1288979225,178000,5,4,88.0,2022.7272727272727,8,T4+
Lyon 8,1288724406,180000,3,1,48.0,3750.0,8,T3
Lyon 8,1288656549,159000,2,1,39.0,4076.923076923077,8,T2
Lyon 8,1289860025,270000,4,3,81.0,3333.3333333333335,8,T4+
Lyon 8,1288569062,270000,5,4,82.0,3292.682926829268,8,T4+
Lyon 8,1288670339,199000,3,2,70.0,2842.8571428571427,8,T3
Lyon 8,1287811230,119900,2,1,43.0,2788.3720930232557,8,T2
Lyon 8,1289859978,270000,4,3,81.0,3333.3333333333335,8,T4+
Lyon 8,1289857036,215000,3,2,68.0,3161.764705882353,8,T3
Lyon 8,1286510592,665000,4,3,86.0,7732.558139534884,8,T4+
Lyon 8,1286510591,690000,4,3,88.0,7840.909090909091,8,T4+
Lyon 8,1289378263,230000,4,2,67.0,3432.8358208955224,8,T4+
Lyon 8,1289166507,548000,5,3,93.0,5892.4731182795695,8,T4+
Lyon 8,1289828467,299900,4,2,100.0,2999.0,8,T4+
Lyon 8,1289808533,100000,1,1,18.0,5555.555555555556,8,Studio/T1
Lyon 8,1289808521,100000,1,1,18.0,5555.555555555556,8,Studio/T1
Lyon 8,1289808513,100000,1,1,18.0,5555.555555555556,8,Studio/T1
Lyon 8,1289808511,100000,1,1,18.0,5555.555555555556,8,Studio/T1
Lyon 8,1289806729,245000,3,2,65.0,3769.230769230769,8,T3
Lyon 8,1288670593,475000,4,3,79.0,6012.658227848101,8,T4+
Lyon 8,1289776786,195000,3,2,72.0,2708.3333333333335,8,T3
Lyon 8,1289776787,225000,3,1,70.0,3214.285714285714,8,T3
Lyon 8,1289767269,640000,5,3,122.0,5245.901639344263,8,T4+
Lyon 8,1289767266,549000,5,3,125.0,4392.0,8,T4+
Lyon 8,1289765562,379000,3,2,74.0,5121.621621621622,8,T3
Lyon 8,1288557086,175000,3,2,67.0,2611.9402985074626,8,T3
Lyon 8,1290147180,264000,2,1,45.0,5866.666666666667,8,T2
Lyon 8,1289715206,205000,3,2,74.0,2770.2702702702704,8,T3
Lyon 8,1288540523,284000,4,3,90.0,3155.5555555555557,8,T4+
Lyon 8,1289706785,280000,4,3,115.0,2434.782608695652,8,T4+
Lyon 8,1288573396,185000,4,2,90.0,2055.5555555555557,8,T4+
Lyon 8,1289689418,223000,4,3,89.0,2505.61797752809,8,T4+
Lyon 8,1289694820,178000,2,1,41.0,4341.463414634146,8,T2
Lyon 8,1287339045,535000,4,3,133.0,4022.5563909774437,8,T4+
Lyon 8,1290063113,599000,5,4,105.0,5704.761904761905,8,T4+
Lyon 8,1290147178,524000,4,3,85.0,6164.705882352941,8,T4+
Lyon 8,1290063082,399000,4,3,80.0,4987.5,8,T4+
Lyon 8,1290063070,665000,4,3,90.0,7388.888888888889,8,T4+
Lyon 8,1290063069,690000,4,3,90.0,7666.666666666667,8,T4+
Lyon 8,1288514923,522900,4,3,80.0,6536.25,8,T4+
Lyon 8,1287321744,199500,4,3,71.0,2809.8591549295775,8,T4+
Lyon 8,1288573401,168000,4,2,73.0,2301.3698630136987,8,T4+
Lyon 8,1288487211,232000,4,3,84.0,2761.904761904762,8,T4+
Lyon 8,1289671511,254000,3,2,64.0,3968.75,8,T3
Lyon 8,1289654668,99000,1,1,26.0,3807.6923076923076,8,Studio/T1
Lyon 8,1289644963,179000,2,1,49.0,3653.061224489796,8,T2
Lyon 8,1287284156,199000,4,3,67.0,2970.1492537313434,8,T4+
Lyon 8,1287240954,119000,1,1,26.0,4576.923076923077,8,Studio/T1
Lyon 8,1289617815,159000,4,3,69.0,2304.3478260869565,8,T4+
Lyon 8,1289445170,135000,2,1,42.0,3214.285714285714,8,T2
Lyon 8,1288493375,267000,3,2,67.0,3985.0746268656717,8,T3
Lyon 8,1289599161,235000,4,3,67.0,3507.4626865671644,8,T4+
Lyon 8,1289598984,199000,3,2,79.0,2518.987341772152,8,T3
Lyon 8,1289598532,199000,3,2,59.0,3372.8813559322034,8,T3
Lyon 8,1289597992,199000,2,1,30.0,6633.333333333333,8,T2
Lyon 8,1288898448,199000,3,2,79.0,2518.987341772152,8,T3
Lyon 8,1289593931,165000,3,2,56.0,2946.4285714285716,8,T3
Lyon 8,1289587322,212000,3,2,65.0,3261.5384615384614,8,T3
Lyon 8,1289584808,325000,3,2,71.0,4577.4647887323945,8,T3
Lyon 8,1289575983,199000,2,1,54.0,3685.185185185185,8,T2
Lyon 8,1287181909,180000,2,1,40.0,4500.0,8,T2
Lyon 8,1282312455,260000,5,4,107.0,2429.9065420560746,8,T4+
Lyon 8,1288149140,195000,3,2,71.0,2746.478873239437,8,T3
Lyon 8,1289550099,360000,4,3,94.0,3829.7872340425533,8,T4+
Lyon 8,1289518193,255000,3,2,64.0,3984.375,8,T3
Lyon 8,1288393067,319000,3,2,62.0,5145.1612903225805,8,T3
Lyon 8,1289501744,175000,3,2,73.0,2397.2602739726026,8,T3
Lyon 8,1288587845,275000,4,3,95.0,2894.7368421052633,8,T4+
Lyon 8,1289473295,665000,4,3,110.0,6045.454545454545,8,T4+
Lyon 8,1289464977,199000,4,4,66.0,3015.151515151515,8,T4+
Lyon 8,1289148423,298000,4,3,71.0,4197.183098591549,8,T4+
Lyon 8,1289027388,277000,3,2,65.0,4261.538461538462,8,T3
Lyon 8,1285394049,130000,1,1,32.0,4062.5,8,Studio/T1
Lyon 8,1289392336,131000,1,1,25.0,5240.0,8,Studio/T1
Lyon 8,1289385883,290000,3,2,73.0,3972.6027397260273,8,T3
Lyon 8,1289925766,199990,3,2,58.0,3448.103448275862,8,T3
Lyon 8,1289365954,220000,3,2,72.0,3055.5555555555557,8,T3
Lyon 8,1286058731,225000,3,2,75.0,3000.0,8,T3
Lyon 8,1289329514,179000,3,2,60.0,2983.3333333333335,8,T3
Lyon 8,1284827780,171500,2,1,41.0,4182.926829268293,8,T2
Lyon 8,1286658793,124000,1,1,48.0,2583.3333333333335,8,Studio/T1
Lyon 8,1287222197,160000,3,1,62.0,2580.6451612903224,8,T3
Lyon 8,1283168451,226000,4,3,79.0,2860.759493670886,8,T4+
Lyon 8,1288041475,445000,5,4,99.0,4494.949494949495,8,T4+
Lyon 8,1286921004,318000,3,2,53.0,6000.0,8,T3
Lyon 8,1288016376,200000,3,2,60.0,3333.3333333333335,8,T3
Lyon 8,1289221612,220000,5,3,104.0,2115.3846153846152,8,T4+
Lyon 8,1288433695,149000,2,1,41.0,3634.1463414634145,8,T2
Lyon 8,1289211100,245000,3,2,68.0,3602.9411764705883,8,T3
Lyon 8,1288238211,229000,4,3,92.0,2489.1304347826085,8,T4+
Lyon 8,1286889642,349000,3,2,63.0,5539.68253968254,8,T3
Lyon 8,1289179016,281000,3,2,78.0,3602.5641025641025,8,T3
Lyon 8,1290147061,738000,5,4,130.0,5676.923076923077,8,T4+
Lyon 8,1286827271,639000,4,3,110.0,5809.090909090909,8,T4+
Lyon 8,1285570827,491500,4,3,81.0,6067.901234567901,8,T4+
Lyon 8,1285570826,432110,4,3,81.0,5334.691358024691,8,T4+
Lyon 8,1285570831,525600,4,3,91.0,5775.824175824176,8,T4+
Lyon 8,1285570830,462090,4,3,91.0,5077.912087912088,8,T4+
Lyon 8,1285570828,525000,4,3,111.0,4729.72972972973,8,T4+
Lyon 8,1285570829,597156,4,3,111.0,5379.783783783784,8,T4+
Lyon 8,1289132649,185000,2,1,44.0,4204.545454545455,8,T2
Lyon 8,1285792749,167000,4,3,68.0,2455.8823529411766,8,T4+
Lyon 8,1289085164,210000,4,3,87.0,2413.793103448276,8,T4+
Lyon 8,1289083389,215000,3,2,55.0,3909.090909090909,8,T3
Lyon 8,1289083390,220000,5,3,114.0,1929.8245614035088,8,T4+
Lyon 8,1288199001,198000,2,1,59.0,3355.9322033898306,8,T2
Lyon 8,1289060074,210000,3,2,52.0,4038.4615384615386,8,T3
Lyon 8,1284933635,72000,1,1,19.0,3789.4736842105262,8,Studio/T1
Lyon 8,1290147046,410000,4,3,85.0,4823.529411764706,8,T4+
Lyon 8,1289027387,300000,4,3,76.0,3947.3684210526317,8,T4+
Lyon 8,1289000390,270000,4,3,95.0,2842.1052631578946,8,T4+
Lyon 8,1287792994,170000,2,1,32.0,5312.5,8,T2
Lyon 8,1287737972,330000,3,2,78.0,4230.7692307692305,8,T3
Lyon 8,1286600691,98000,1,1,18.0,5444.444444444444,8,Studio/T1
Lyon 8,1288149132,235000,5,4,105.0,2238.095238095238,8,T4+
Lyon 8,1286857790,177000,2,1,45.0,3933.3333333333335,8,T2
Lyon 8,1284716299,189000,4,2,88.0,2147.7272727272725,8,T4+
Lyon 8,1288530202,295000,4,3,86.0,3430.232558139535,8,T4+
Lyon 8,1285935834,395000,5,4,125.0,3160.0,8,T4+
Lyon 8,1288174134,209000,3,2,66.0,3166.6666666666665,8,T3
Lyon 8,1288006311,179000,3,2,73.0,2452.054794520548,8,T3
Lyon 8,1287997024,72000,1,1,18.0,4000.0,8,Studio/T1
Lyon 8,1287331526,270000,4,3,75.0,3600.0,8,T4+
Lyon 8,1287264353,199000,4,3,67.0,2970.1492537313434,8,T4+
Lyon 8,1281831934,164000,4,3,68.0,2411.764705882353,8,T4+
Lyon 8,1290202548,425000,4,3,78.0,5448.717948717948,8,T4+
Lyon 8,1290192072,299000,3,2,59.0,5067.796610169492,8,T3
Lyon 8,1290190902,220000,2,1,41.0,5365.8536585365855,8,T2
Lyon 8,1290186791,292000,3,2,63.0,4634.920634920635,8,T3
Lyon 8,1290165535,289000,2,1,43.0,6720.930232558139,8,T2
Lyon 8,1290165536,359000,3,2,63.0,5698.412698412699,8,T3
Lyon 8,1290165532,294000,2,1,44.0,6681.818181818182,8,T2
Lyon 8,1290165531,217000,1,1,32.0,6781.25,8,Studio/T1
Lyon 8,1287715296,149000,4,3,65.0,2292.3076923076924,8,T4+
Lyon 8,1288897854,170000,3,2,65.0,2615.3846153846152,8,T3
Lyon 8,1286600521,255000,3,2,60.0,4250.0,8,T3
Lyon 8,1289494466,365000,4,3,80.0,4562.5,8,T4+
Lyon 8,1287911620,246500,3,2,52.0,4740.384615384615,8,T3
Lyon 9,1288162519,300000,3,2,72.0,4166.666666666667,9,T3
Lyon 9,1287970519,629000,5,4,120.0,5241.666666666667,9,T4+
Lyon 9,1289578059,249000,2,1,55.0,4527.272727272727,9,T2
Lyon 9,1289258458,178000,2,1,46.0,3869.5652173913045,9,T2
Lyon 9,1289260051,225000,3,1,58.0,3879.310344827586,9,T3
Lyon 9,1289135873,280000,3,2,62.0,4516.129032258064,9,T3
Lyon 9,1289862426,359000,4,3,84.0,4273.809523809524,9,T4+
Lyon 9,1282019899,195000,2,1,45.0,4333.333333333333,9,T2
Lyon 9,1289405164,165000,2,1,30.0,5500.0,9,T2
Lyon 9,1289967723,275000,3,2,73.0,3767.123287671233,9,T3
Lyon 9,1288585080,250000,4,3,82.0,3048.7804878048782,9,T4+
Lyon 9,1289438142,256000,2,1,49.0,5224.489795918367,9,T2
Lyon 9,1289542729,109000,1,1,19.0,5736.8421052631575,9,Studio/T1
Lyon 9,1287945656,196000,4,3,71.0,2760.56338028169,9,T4+
Lyon 9,1289375795,249000,4,3,84.0,2964.285714285714,9,T4+
Lyon 9,1289510323,290000,3,2,65.0,4461.538461538462,9,T3
Lyon 9,1290041185,375000,4,3,77.0,4870.12987012987,9,T4+
Lyon 9,1288749812,310000,3,2,66.0,4696.969696969697,9,T3
Lyon 9,1290105440,128000,2,1,31.0,4129.032258064516,9,T2
Lyon 9,1290079381,595000,5,4,135.0,4407.407407407408,9,T4+
Lyon 9,1288313670,300000,3,2,68.0,4411.764705882353,9,T3
Lyon 9,1289646029,140000,2,1,33.0,4242.424242424242,9,T2
Lyon 9,1288749715,228000,2,1,44.0,5181.818181818182,9,T2
Lyon 9,1288749807,249000,4,3,72.0,3458.3333333333335,9,T4+
Lyon 9,1288297642,162000,4,3,65.0,2492.3076923076924,9,T4+
Lyon 9,1290033199,220000,6,5,111.0,1981.981981981982,9,T4+
Lyon 9,1286823016,267000,4,3,109.0,2449.5412844036696,9,T4+
Lyon 9,1287643309,199000,4,3,70.0,2842.8571428571427,9,T4+
Lyon 9,1289902345,185000,2,1,35.0,5285.714285714285,9,T2
Lyon 9,1285903297,299900,5,3,106.0,2829.245283018868,9,T4+
Lyon 9,1289996092,190000,4,3,74.0,2567.5675675675675,9,T4+
Lyon 9,1289083294,241000,3,1,65.0,3707.6923076923076,9,T3
Lyon 9,1289083296,328000,5,4,103.0,3184.4660194174758,9,T4+
Lyon 9,1289083295,296900,4,3,84.0,3534.5238095238096,9,T4+
Lyon 9,1289085330,295000,3,2,64.0,4609.375,9,T3
Lyon 9,1289974983,215000,3,2,57.0,3771.9298245614036,9,T3
Lyon 9,1290009531,284500,4,3,83.0,3427.710843373494,9,T4+
Lyon 9,1285593649,82000,1,1,18.0,4555.555555555556,9,Studio/T1
Lyon 9,1289952417,260000,6,5,112.0,2321.4285714285716,9,T4+
Lyon 9,1289943898,86710,1,1,18.0,4817.222222222223,9,Studio/T1
Lyon 9,1288753835,240000,4,3,84.0,2857.1428571428573,9,T4+
Lyon 9,1288390011,640000,6,4,212.0,3018.867924528302,9,T4+
Lyon 9,1289661561,79890,1,1,19.0,4204.736842105263,9,Studio/T1
Lyon 9,1289907062,430000,3,2,72.0,5972.222222222223,9,T3
Lyon 9,1289907033,720000,5,4,105.0,6857.142857142857,9,T4+
Lyon 9,1284967931,119000,2,1,32.0,3718.75,9,T2
Lyon 9,1289627780,149000,2,1,42.0,3547.6190476190477,9,T2
Lyon 9,1288694124,210000,3,2,65.0,3230.769230769231,9,T3
Lyon 9,1288671998,270000,3,2,72.0,3750.0,9,T3
Lyon 9,1289880071,169000,2,1,58.0,2913.793103448276,9,T2
Lyon 9,1289714957,285000,3,2,65.0,4384.615384615385,9,T3
Lyon 9,1290139659,325000,7,5,135.0,2407.4074074074074,9,T4+
Lyon 9,1290205317,399000,5,4,107.0,3728.9719626168226,9,T4+
Lyon 9,1288653132,142500,2,1,39.0,3653.846153846154,9,T2
Lyon 9,1289045500,308000,3,2,71.0,4338.028169014085,9,T3
Lyon 9,1288096513,299000,3,2,79.0,3784.8101265822784,9,T3
Lyon 9,1289822486,145000,2,1,36.0,4027.777777777778,9,T2
Lyon 9,1287071020,299000,3,2,65.0,4600.0,9,T3
Lyon 9,1287680472,259000,5,4,94.0,2755.31914893617,9,T4+
Lyon 9,1288576019,219000,5,4,85.0,2576.470588235294,9,T4+
Lyon 9,1289730172,500000,4,2,89.0,5617.9775280898875,9,T4+
Lyon 9,1289707588,165000,2,1,50.0,3300.0,9,T2
Lyon 9,1289694828,279000,3,2,81.0,3444.4444444444443,9,T3
Lyon 9,1290063149,400000,3,2,72.0,5555.555555555556,9,T3
Lyon 9,1289690177,349000,4,3,105.0,3323.809523809524,9,T4+
Lyon 9,1290205314,415000,3,2,78.0,5320.51282051282,9,T3
Lyon 9,1289685995,330000,3,2,61.0,5409.836065573771,9,T3
Lyon 9,1289274616,240000,3,2,72.0,3333.3333333333335,9,T3
Lyon 9,1288424427,182300,3,2,75.0,2430.6666666666665,9,T3
Lyon 9,1286600386,210000,4,3,72.0,2916.6666666666665,9,T4+
Lyon 9,1290194103,299000,3,1,72.0,4152.777777777777,9,T3
Lyon 9,1288449293,289000,4,2,100.0,2890.0,9,T4+
Lyon 9,1288449501,119000,2,1,24.0,4958.333333333333,9,T2
Lyon 9,1287264416,285000,6,4,116.0,2456.896551724138,9,T4+
Lyon 9,1289624965,112000,1,1,17.0,6588.235294117647,9,Studio/T1
Lyon 9,1289597669,179000,3,2,66.0,2712.121212121212,9,T3
Lyon 9,1288392754,750000,5,4,166.0,4518.0722891566265,9,T4+
Lyon 9,1289578484,320000,3,2,64.0,5000.0,9,T3
Lyon 9,1289578480,279000,5,4,98.0,2846.938775510204,9,T4+
Lyon 9,1289578476,365000,6,7,126.0,2896.8253968253966,9,T4+
Lyon 9,1289578473,359000,6,5,128.0,2804.6875,9,T4+
Lyon 9,1286600725,359000,5,4,110.0,3263.6363636363635,9,T4+
Lyon 9,1288943354,265000,3,2,74.0,3581.0810810810813,9,T3
Lyon 9,1287158065,240000,3,2,66.0,3636.3636363636365,9,T3
Lyon 9,1286924112,240000,2,1,59.0,4067.7966101694915,9,T2
Lyon 9,1289443344,225000,4,2,60.0,3750.0,9,T4+
Lyon 9,1289501538,295000,4,3,83.0,3554.2168674698796,9,T4+
Lyon 9,1289499946,115000,2,1,34.0,3382.3529411764707,9,T2
Lyon 9,1289465067,238000,5,4,95.0,2505.2631578947367,9,T4+
Lyon 9,1288884116,675000,3,2,80.0,8437.5,9,T3
Lyon 9,1288393908,160000,4,3,72.0,2222.222222222222,9,T4+
Lyon 9,1287059985,119500,1,1,24.0,4979.166666666667,9,Studio/T1
Lyon 9,1289416405,129000,2,1,23.0,5608.695652173913,9,T2
Lyon 9,1289060088,225000,3,2,63.0,3571.4285714285716,9,T3
Lyon 9,1289101448,415000,4,3,83.0,5000.0,9,T4+
Lyon 9,1290151695,319000,3,2,62.0,5145.1612903225805,9,T3
Lyon 9,1290063148,690000,5,4,105.0,6571.428571428572,9,T4+
Lyon 9,1286996834,229000,4,3,77.0,2974.025974025974,9,T4+
Lyon 9,1289305287,90500,1,1,19.0,4763.1578947368425,9,Studio/T1
Lyon 9,1288815980,215000,4,2,69.0,3115.942028985507,9,T4+
Lyon 9,1288024851,246000,4,3,84.0,2928.5714285714284,9,T4+
Lyon 9,1289177742,246000,3,1,50.0,4920.0,9,T3
Lyon 9,1287965649,449000,6,5,168.0,2672.6190476190477,9,T4+
Lyon 9,1286600312,790000,6,5,214.0,3691.588785046729,9,T4+
Lyon 9,1286600617,250000,4,3,75.0,3333.3333333333335,9,T4+
Lyon 9,1289152401,405000,4,3,96.0,4218.75,9,T4+
Lyon 9,1289134858,520000,5,3,128.0,4062.5,9,T4+
Lyon 9,1286795096,139900,2,1,48.0,2914.5833333333335,9,T2
Lyon 9,1289087707,300000,3,2,75.0,4000.0,9,T3
Lyon 9,1289085090,499000,5,4,119.0,4193.27731092437,9,T4+
Lyon 9,1285884398,116000,1,1,37.0,3135.135135135135,9,Studio/T1
Lyon 9,1287811231,197400,3,2,70.0,2820.0,9,T3
Lyon 9,1287811235,178300,4,3,75.0,2377.3333333333335,9,T4+
Lyon 9,1287920230,339000,3,2,81.0,4185.185185185185,9,T3
Lyon 9,1286175479,250000,3,2,68.0,3676.470588235294,9,T3
Lyon 9,1286284039,190000,4,3,79.0,2405.0632911392404,9,T4+
Lyon 9,1288539217,197000,2,1,36.0,5472.222222222223,9,T2
Lyon 9,1289050996,240000,4,3,88.0,2727.2727272727275,9,T4+
Lyon 9,1289050998,200000,2,1,54.0,3703.703703703704,9,T2
