search_city,listing_id,price,listing_rooms,listing_bedrooms,area_sqm
Lyon 1,1288945829,640 000 €,4,3,124
Lyon 1,1287333558,179 000 €,2,1,31
Lyon 1,1288943166,359 000 €,3,1,75
Lyon 1,1289820295,199 000 €,1,1,32
Lyon 1,1290193862,419 000 €,3,2,68
Lyon 1,1290183266,199 000 €,1,,39
Lyon 1,1289927196,399 000 €,3,2,61
Lyon 1,1289905443,299 000 €,3,1,84
Lyon 1,1289828218,532 000 €,4,3,90
Lyon 1,1289694276,315 000 €,2,1,49
Lyon 1,1289618483,119 000 €,1,,23
Lyon 1,1289082278,310 000 €,3,2,58
Lyon 1,1290142288,440 000 €,3,2,110
Lyon 1,1287702925,299 000 €,2,1,53
Lyon 1,1288749490,285 000 €,2,1,49
Lyon 1,1286858275,205 000 €,2,1,40
Lyon 1,1288909436,520 000 €,3,2,85
Lyon 1,1287060678,258 000 €,3,1,65
Lyon 1,1286600210,1 580 000 €,7,4,339
Lyon 1,1288749731,145 000 €,1,,24
Lyon 1,1287539609,334 000 €,3,2,82
Lyon 1,1290049790,1 295 000 €,6,5,261
Lyon 1,1287847809,309 000 €,3,2,74
Lyon 1,1288970677,139 000 €,1,,25
Lyon 1,1289231327,245 000 €,1,1,45
Lyon 1,1286851082,559 000 €,3,1,110
Lyon 1,1289998041,265 000 €,1,,47
Lyon 1,1289998001,339 000 €,3,2,74
Lyon 1,1289973067,173 500 €,1,,28
Lyon 1,1289972429,470 000 €,4,3,175
Lyon 1,1289967761,238 000 € *,2,,56
Lyon 1,1286327803,245 000 €,2,1,43
Lyon 1,1289952986,455 000 €,4,3,87
Lyon 1,1290134626,645 000 €,4,2,120
Lyon 1,1289907815,185 000 €,1,1,23
Lyon 1,1288804593,345 000 €,2,1,75
Lyon 1,1289863237,550 000 €,5,3,109
Lyon 1,1289856287,450 000 €,3,2,82
Lyon 1,1289805116,485 000 € *,4,3,94
Lyon 1,1289785518,275 000 €,2,1,55
Lyon 1,1288588238,645 000 €,3,2,120
Lyon 1,1289767302,415 000 €,3,2,62
Lyon 1,1288910521,388 000 €,4,3,87
Lyon 1,1289706206,394 000 €,2,1,69
Lyon 1,1289705615,340 000 €,3,2,73
Lyon 1,1289691431,695 000 €,5,3,120
Lyon 1,1290049785,645 000 €,3,2,120
Lyon 1,1288819740,260 000 €,3,2,47
Lyon 1,1287977959,199 000 €,2,1,46
Lyon 1,1288207222,377 000 €,2,1,60
Lyon 1,1289665397,229 000 € *,3,2,59
Lyon 1,1289599337,455 000 €,4,3,87
Lyon 1,1289577766,529 000 €,5,4,128
Lyon 1,1289577765,379 000 €,3,2,72
Lyon 1,1286947055,460 000 €,4,3,114
Lyon 1,1288010480,205 000 €,2,1,41
Lyon 1,1288937824,179 000 €,2,1,36
Lyon 1,1289524501,299 000 €,2,2,72
Lyon 1,1289524500,319 000 €,2,2,70
Lyon 1,1288978063,642 000 €,5,3,165
Lyon 1,1288794063,225 000 €,2,1,48
Lyon 1,1286614139,339 000 €,2,1,
Lyon 1,1289060061,299 000 €,3,2,
Lyon 1,1288209714,595 000 €,5,3,150
Lyon 1,1289251033,240 000 €,2,1,48
Lyon 1,1287967211,290 000 €,2,1,44
Lyon 1,1285877731,255 000 €,3,2,57
Lyon 1,1287911624,522 500 €,4,3,102
Lyon 1,1289086131,600 000 €,4,3,88
Lyon 1,1290157703,374 000 €,3,1,72
Lyon 1,1289001238,185 000 €,1,,25
Lyon 1,1287781191,449 000 €,3,2,67
Lyon 1,1285193221,199 000 €,2,1,37
Lyon 1,1286600421,258 000 €,3,2,54
Lyon 1,1288752649,149 000 €,1,1,41
Lyon 1,1285988236,350 000 €,3,2,65
Lyon 1,1286828097,419 000 €,3,1,81
Lyon 1,1287190501,283 500 €,3,2,67
Lyon 1,1262929094,478 000 €,3,2,75
Lyon 1,1286600207,599 000 €,3,2,104
Lyon 2,1290196063,415 000 €,3,2,80
Lyon 2,1290195945,269 000 €,3,2,64
Lyon 2,1289524354,850 000 €,4,3,134
Lyon 2,1290161621,1 990 000 €,7,4,280
Lyon 2,1289634696,160 000 € *,2,1,27
Lyon 2,1289160251,598 000 €,4,3,139
Lyon 2,1287847884,245 000 €,2,1,50
Lyon 2,1289965270,522 000 €,5,,110
Lyon 2,1289100027,474 000 €,3,2,77
Lyon 2,1288846366,304 000 €,3,2,65
Lyon 2,1289972826,260 000 €,2,,48
Lyon 2,1288862424,450 000 €,4,2,103
Lyon 2,1289356217,1 190 000 €,5,4,146
Lyon 2,1289525123,315 000 €,1,1,40
Lyon 2,1290141359,790 000 € *,6,4,179
Lyon 2,1288846363,360 000 €,3,2,58
Lyon 2,1288846365,218 000 €,2,,45
Lyon 2,1289967662,225 000 €,2,1,59
Lyon 2,1290161618,765 000 €,4,3,100
Lyon 2,1289905764,1 450 000 €,10,6,294
Lyon 2,1288770062,545 000 €,4,3,81
Lyon 2,1290122819,350 000 €,2,1,58
Lyon 2,1288940642,550 000 €,5,3,108
Lyon 2,1290112265,420 000 €,3,2,77
Lyon 2,1290108118,340 000 €,3,1,84
Lyon 2,1287875888,350 000 €,3,2,81
Lyon 2,1286177999,225 000 €,2,1,60
Lyon 2,1290094654,430 000 €,4,3,102
Lyon 2,1289681645,699 000 € *,5,4,108
Lyon 2,1286793638,376 000 €,3,2,60
Lyon 2,1286793633,503 000 €,4,3,76
Lyon 2,1286793620,476 000 €,4,3,76
Lyon 2,1286793626,419 000 €,3,2,64
Lyon 2,1286793623,490 000 €,4,3,76
Lyon 2,1282066453,411 000 €,3,2,64
Lyon 2,1290090735,252 000 €,2,1,37
Lyon 2,1290079272,590 000 €,4,3,141
Lyon 2,1289374181,191 000 € *,2,1,37
Lyon 2,1290068357,695 000 €,5,4,147
Lyon 2,1290062680,200 000 €,1,,34
Lyon 2,1289915985,280 000 €,2,1,52
Lyon 2,1290049202,299 000 €,1,1,52
Lyon 2,1288749814,510 000 €,5,3,89
Lyon 2,1290033202,260 000 €,2,1,49
Lyon 2,1290032958,273 000 €,2,1,45
Lyon 2,1290032957,252 000 €,1,,38
Lyon 2,1288060243,780 000 €,4,3,120
Lyon 2,1288749493,230 000 €,2,1,53
Lyon 2,1290011892,330 000 €,2,1,62
Lyon 2,1288794234,248 000 €,2,1,33
Lyon 2,1286605247,365 000 €,2,1,51
Lyon 2,1289143466,355 000 €,2,1,61
Lyon 2,1288087329,490 000 €,3,2,66
Lyon 2,1289607987,182 500 €,1,,23
Lyon 2,1289779882,474 000 €,3,2,72
Lyon 2,1289999715,569 000 €,4,3,89
Lyon 2,1288313648,185 000 €,2,1,34
Lyon 2,1287714621,277 000 €,2,1,42
Lyon 2,1287714623,467 000 €,4,3,76
Lyon 2,1287714622,375 000 €,3,2,64
Lyon 2,1288477030,475 000 €,3,2,70
Lyon 2,1289974717,765 000 €,5,4,114
Lyon 2,1289974712,450 000 €,4,3,78
Lyon 2,1289974713,610 000 €,4,3,94
Lyon 2,1289974705,370 000 €,3,2,60
Lyon 2,1289974706,395 000 €,3,2,64
Lyon 2,1289974700,298 000 €,2,1,43
Lyon 2,1289974701,311 000 €,2,1,45
Lyon 2,1289974702,277 000 €,2,1,42
Lyon 2,1290063111,341 000 €,2,1,50
Lyon 2,1290147172,441 000 €,3,2,65
Lyon 2,1290147158,565 000 €,4,3,90
Lyon 2,1289967614,289 810 €,3,2,67
Lyon 2,1289966556,649 000 €,4,3,93
Lyon 2,1289961721,1 350 000 €,7,5,219
Lyon 2,1287790137,435 000 €,2,1,85
Lyon 2,1287764220,539 000 €,3,2,100
Lyon 2,1289952995,275 000 €,2,1,38
Lyon 2,1288261017,299 000 €,4,3,81
Lyon 2,1289538097,1 195 000 €,6,4,172
Lyon 2,1289908417,649 000 €,4,3,93
Lyon 2,1289907097,475 000 €,3,,70
Lyon 2,1289907050,649 000 €,4,,93
Lyon 2,1289897160,384 000 €,3,2,60
Lyon 2,1289897156,472 000 €,4,3,76
Lyon 2,1289897157,489 000 €,4,3,76
Lyon 2,1290161616,499 000 €,4,3,107
Lyon 2,1288477031,649 000 €,4,3,93
Lyon 2,1288547215,735 000 €,6,5,0
Lyon 2,1288942767,269 000 €,2,1,32
Lyon 2,1289814713,895 000 €,7,5,219
Lyon 2,1289801995,285 000 €,2,1,42
Lyon 2,1289767539,399 000 €,4,3,100
Lyon 2,1289767277,640 000 €,4,3,118
Lyon 2,1290063057,450 000 €,4,3,85
Lyon 2,1290066128,995 000 €,6,5,215
Lyon 2,1289966552,475 000 €,3,2,70
Lyon 2,1290063134,370 000 €,3,2,61
Lyon 2,1290063116,765 000 €,5,4,115
Lyon 2,1290063115,610 000 €,4,3,95
Lyon 2,1290063114,450 000 €,4,3,80
Lyon 2,1290147159,897 000 €,5,4,130
Lyon 2,1290147170,367 000 €,3,2,60
Lyon 2,1289974710,569 000 €,4,3,86
Lyon 2,1289974711,609 000 €,4,3,90
Lyon 2,1289483087,740 000 €,5,3,169
Lyon 2,1289974704,445 000 €,3,2,64
Lyon 2,1289974703,519 000 €,3,2,77
Lyon 2,1289671012,899 000 €,5,3,151
Lyon 2,1289966550,345 000 €,2,1,48
Lyon 2,1289659448,190 000 € *,1,1,35
Lyon 2,1289974719,615 000 €,5,4,105
Lyon 2,1289974716,503 000 €,4,3,76
Lyon 2,1289974718,916 000 €,5,4,123
Lyon 2,1289974708,388 000 €,3,2,59
Lyon 2,1289974715,531 000 €,4,3,86
Lyon 2,1289974714,472 000 €,4,3,76
Lyon 2,1289974707,376 000 €,3,2,59
Lyon 2,1289617823,595 000 €,4,2,110
Lyon 2,1290049787,749 000 €,4,3,138
Lyon 2,1289598789,345 000 €,3,2,69
Lyon 2,1289595370,522 500 €,3,2,88
Lyon 2,1288393172,349 000 €,3,2,73
Lyon 2,1287464786,420 000 €,2,1,64
Lyon 2,1287464785,325 000 €,2,1,50
Lyon 2,1289575321,1 090 000 €,5,4,150
Lyon 2,1287856441,790 000 €,4,3,155
Lyon 2,1289483447,530 000 €,3,2,76
Lyon 2,1289476714,530 000 €,3,2,76
Lyon 2,1289446402,370 000 €,2,1,65
Lyon 2,1289445424,700 000 €,4,2,147
Lyon 2,1286114972,89 000 €,1,,20
Lyon 2,1289415096,695 000 €,5,4,151
Lyon 2,1286323655,225 000 €,2,1,60
Lyon 2,1289250546,365 000 €,3,2,64
Lyon 2,1289220995,595 000 €,6,4,124
Lyon 2,1290147105,505 500 €,3,2,70
Lyon 2,1287967003,395 000 €,2,1,51
Lyon 2,1287967002,315 000 €,2,1,37
Lyon 2,1286600696,995 000 €,4,3,159
Lyon 2,1289135445,315 000 €,3,1,58
Lyon 2,1287730198,275 000 €,2,1,42
Lyon 2,1289365972,369 000 €,3,2,70
Lyon 2,1289083395,680 000 €,3,2,90
Lyon 2,1289974709,404 000 €,3,2,63
Lyon 2,1287820053,275 000 €,1,1,34
Lyon 2,1287794565,260 000 €,1,,29
Lyon 2,1288584849,335 000 € *,3,2,66
Lyon 2,1290151846,630 000 €,3,2,109
Lyon 2,1286658834,115 000 €,1,1,14
Lyon 2,1290147163,455 000 €,4,3,80
Lyon 2,1289564737,579 000 €,4,3,89
Lyon 2,1288042478,495 000 €,3,2,92
Lyon 2,1282037492,527 000 €,4,3,86
Lyon 2,1290186544,538 000 €,4,3,82
Lyon 2,1287848674,380 000 €,3,2,68
Lyon 2,1288661585,735 000 €,6,5,182
Lyon 3,1290205677,380 000 €,3,2,70
Lyon 3,1287031838,170 000 €,2,1,33
Lyon 3,1290202755,362 000 €,3,2,71
Lyon 3,1290060971,270 000 € *,3,2,61
Lyon 3,1290201417,125 000 €,1,1,19
Lyon 3,1290198143,159 000 €,2,1,28
Lyon 3,1288925872,320 000 €,4,3,84
Lyon 3,1290066229,270 000 €,3,2,75
Lyon 3,1289384212,580 000 €,5,4,114
Lyon 3,1289706604,392 000 €,3,2,72
Lyon 3,1289107031,373 000 €,3,2,73
Lyon 3,1290159465,350 000 €,4,3,87
Lyon 3,1290157495,400 000 €,4,3,104
Lyon 3,1290157351,72 000 €,1,,20
Lyon 3,1290152176,320 000 € *,3,2,72
Lyon 3,1289479613,389 000 € *,4,3,89
Lyon 3,1290149325,634 000 €,5,4,125
Lyon 3,1286857791,816 000 €,5,3,96
Lyon 3,1288692548,240 000 €,3,2,56
Lyon 3,1286605261,325 000 €,3,2,76
Lyon 3,1289392894,495 000 €,5,4,156
Lyon 3,1288013002,332 000 €,2,1,61
Lyon 3,1288749513,340 000 €,3,2,82
Lyon 3,1287214214,445 000 €,4,3,107
Lyon 3,1288960554,1 013 000 €,4,3,91
Lyon 3,1288960556,779 000 €,4,3,93
Lyon 3,1288960558,997 000 €,5,4,123
Lyon 3,1288960555,1 030 000 €,4,3,100
Lyon 3,1288960557,1 306 000 €,5,4,116
Lyon 3,1288949074,229 000 €,4,2,68
Lyon 3,1290040989,385 000 €,3,2,80
Lyon 3,1290127398,425 000 €,4,3,105
Lyon 3,1288749819,745 000 €,5,3,219
Lyon 3,1286268103,349 000 €,3,2,74
Lyon 3,1290089166,365 000 €,4,3,87
Lyon 3,1290018227,580 000 €,4,3,111
Lyon 3,1289984407,350 000 € *,3,2,73
Lyon 3,1290114799,199 000 €,1,,26
Lyon 3,1289211083,360 000 €,3,2,82
Lyon 3,1290112387,430 000 €,4,2,96
Lyon 3,1290112269,360 000 €,5,4,100
Lyon 3,1289965283,165 000 € *,1,,27
Lyon 3,1288214272,450 000 €,5,4,106
Lyon 3,1289673760,370 000 €,3,2,78
Lyon 3,1289035125,400 000 €,4,3,95
Lyon 3,1290134618,210 000 €,1,1,22
Lyon 3,1290134619,219 000 €,1,1,29
Lyon 3,1290134620,229 000 €,1,1,34
Lyon 3,1288906301,450 000 €,6,4,119
Lyon 3,1290090177,445 000 €,4,3,113
Lyon 3,1290088706,565 000 €,4,3,112
Lyon 3,1289746007,190 000 €,2,1,51
Lyon 3,1290080931,545 000 €,5,3,105
Lyon 3,1290078404,376 550 €,4,3,88
Lyon 3,1289233691,45 000 €,1,,18
Lyon 3,1290063899,545 000 €,5,3,105
Lyon 3,1289489884,1 750 000 €,4,3,196
Lyon 3,1289424499,350 000 €,3,2,74
Lyon 3,1289046378,170 000 €,2,,35
Lyon 3,1290041114,349 000 €,4,3,88
Lyon 3,1288461030,328 000 €,3,2,69
Lyon 3,1289596019,280 000 €,3,2,63
Lyon 3,1290032160,319 000 €,3,2,71
Lyon 3,1288133984,300 000 €,5,3,96
Lyon 3,1290020038,429 000 €,4,3,113
Lyon 3,1288935064,245 000 €,2,1,42
Lyon 3,1290063050,285 000 €,2,1,45
Lyon 3,1290063051,364 000 €,3,2,70
Lyon 3,1289258245,580 000 €,4,2,113
Lyon 3,1285968187,195 000 €,2,1,61
Lyon 3,1289652646,197 000 €,1,,45
Lyon 3,1286617973,198 000 €,2,1,55
Lyon 3,1288749512,219 000 €,3,2,64
Lyon 3,1288749531,470 000 €,4,3,98
Lyon 3,1290040155,319 000 €,3,2,64
Lyon 3,1288998804,160 000 €,2,1,60
Lyon 3,1289995223,249 000 €,2,1,51
Lyon 3,1284439126,260 000 €,4,3,62
Lyon 3,1289989287,270 000 €,3,2,68
Lyon 3,1288694617,430 000 €,4,3,88
Lyon 3,1289083321,540 000 €,3,2,72
Lyon 3,1289083322,769 500 €,4,3,94
Lyon 3,1288616401,994 000 €,5,4,145
Lyon 3,1289454057,964 000 €,5,4,123
Lyon 3,1289454055,746 000 €,4,3,94
Lyon 3,1289454058,1 240 000 €,5,4,116
Lyon 3,1289793819,399 000 €,3,2,74
Lyon 3,1289801684,320 000 € *,3,2,62
Lyon 3,1289983005,480 000 €,3,1,60
Lyon 3,1289555944,455 000 €,4,3,86
Lyon 3,1289975015,225 000 €,2,1,40
Lyon 3,1290009534,524 000 €,4,3,90
Lyon 3,1290009537,519 000 €,4,3,90
Lyon 3,1289952802,420 000 €,3,2,76
Lyon 3,1286298200,350 000 €,4,3,84
Lyon 3,1288745273,175 000 €,2,1,42
Lyon 3,1289908786,295 000 €,4,3,77
Lyon 3,1289186251,249 000 €,2,1,53
Lyon 3,1289177326,149 000 €,1,1,33
Lyon 3,1289907826,515 000 €,4,3,90
Lyon 3,1289898936,825 000 €,5,4,154
Lyon 3,1289897664,184 000 €,2,1,41
Lyon 3,1289896423,994 000 €,5,4,145
Lyon 3,1289896004,350 000 €,3,2,64
Lyon 3,1290009535,465 000 €,4,3,95
Lyon 3,1288516985,199 000 €,1,,37
Lyon 3,1288954442,149 000 €,1,1,26
Lyon 3,1289672575,157 000 €,1,,25
Lyon 3,1288528230,220 000 €,2,1,1
Lyon 3,1288528242,340 000 €,3,2,82
Lyon 3,1288248434,265 000 €,2,1,51
Lyon 3,1288653194,725 000 €,5,4,156
Lyon 3,1288653208,525 000 €,4,3,94
Lyon 3,1282565966,1 216 000 €,5,4,123
Lyon 3,1282565965,1 256 000 €,5,4,111
Lyon 3,1282565964,1 306 000 €,5,4,116
Lyon 3,1282565963,823 000 €,4,3,93
Lyon 3,1282565962,1 133 000 €,4,3,101
Lyon 3,1282565961,1 013 000 €,4,3,91
Lyon 3,1282565960,803 000 €,4,3,83
Lyon 3,1282565958,488 000 €,3,2,68
Lyon 3,1282565959,923 000 €,4,3,99
Lyon 3,1286309154,362 000 €,4,3,93
Lyon 3,1289829026,240 000 €,3,2,50
Lyon 3,1289829024,185 000 €,2,1,35
Lyon 3,1289828468,450 000 €,5,4,107
Lyon 3,1289822493,239 000 €,2,1,56
Lyon 3,1288627167,241 000 €,2,1,43
Lyon 3,1289806390,300 000 €,2,1,47
Lyon 3,1289801990,200 000 €,2,1,47
Lyon 3,1289798690,315 000 €,3,2,76
Lyon 3,1288604493,134 900 €,1,1,27
Lyon 3,1289775206,240 000 €,2,1,60
Lyon 3,1286604792,110 000 €,2,1,26
Lyon 3,1289766783,535 000 €,5,3,125
Lyon 3,1290100042,519 000 €,4,3,101
Lyon 3,1289765567,280 000 €,2,1,46
Lyon 3,1287392745,307 000 €,3,2,64
Lyon 3,1287364095,499 000 €,4,3,95
Lyon 3,1289715165,185 000 €,2,1,42
Lyon 3,1289705614,250 000 €,3,1,52
Lyon 3,1287153883,310 000 €,5,,83
Lyon 3,1288616402,431 000 €,3,2,70
Lyon 3,1289045497,690 000 €,5,4,144
Lyon 3,1283912117,950 000 €,7,5,206
Lyon 3,1289696280,379 000 €,4,3,105
Lyon 3,1290147114,625 000 €,3,2,70
Lyon 3,1290063077,994 000 €,5,4,150
Lyon 3,1289429782,436 800 €,4,3,89
Lyon 3,1282482768,498 000 €,3,2,68
Lyon 3,1282482767,493 000 €,3,2,68
Lyon 3,1282449917,603 000 €,3,2,73
Lyon 3,1282449916,488 000 €,3,2,68
Lyon 3,1289686161,235 000 €,2,1,45
Lyon 3,1288696829,349 000 €,3,2,74
Lyon 3,1289671587,327 000 €,3,2,67
Lyon 3,1289896005,450 000 €,4,3,86
Lyon 3,1290056235,460 000 €,4,3,84
Lyon 3,1289655089,695 000 €,5,4,152
Lyon 3,1288459918,263 500 €,3,2,67
Lyon 3,1289653088,109 000 €,1,,19
Lyon 3,1289652726,129 000 €,1,1,26
Lyon 3,1289593728,480 000 € *,4,3,105
Lyon 3,1288746025,150 000 €,2,1,42
Lyon 3,1284054192,150 000 €,1,,16
Lyon 3,1283617278,78 000 €,1,,18
Lyon 3,1287793974,189 000 €,3,2,52
Lyon 3,1289617843,255 000 €,3,2,68
Lyon 3,1290151699,208 000 €,2,2,39
Lyon 3,1288528387,240 000 €,4,3,68
Lyon 3,1289598979,377 000 €,3,2,79
Lyon 3,1289598237,910 000 €,6,5,153
Lyon 3,1289598120,210 000 €,2,1,35
Lyon 3,1289596962,161 500 €,1,,22
Lyon 3,1289596271,79 000 €,1,1,18
Lyon 3,1289895892,997 000 €,5,4,123
Lyon 3,1289895887,1 030 000 €,4,3,100
Lyon 3,1289895891,1 306 000 €,5,4,116
Lyon 3,1289895886,885 000 €,4,3,99
Lyon 3,1289895884,1 013 000 €,4,3,91
Lyon 3,1289895885,779 000 €,4,3,93
Lyon 3,1289895884,1 013 000 €,4,3,91
Lyon 3,1282308109,449 000 €,3,2,71
Lyon 3,1282308117,925 000 €,5,4,122
Lyon 3,1282308108,459 000 €,3,2,71
Lyon 3,1282308115,820 000 €,4,3,103
Lyon 3,1289950322,399 000 €,3,2,93
Lyon 3,1288335744,370 000 €,4,2,70
Lyon 3,1289547001,360 000 €,4,3,87
Lyon 3,1289494461,440 000 €,3,2,72
Lyon 3,1289494459,375 000 €,3,2,64
Lyon 3,1289491390,320 000 € *,3,2,70
Lyon 3,1289538306,319 000 €,3,2,72
Lyon 3,1285852536,110 000 €,2,1,34
Lyon 3,1289483081,700 000 €,6,4,157
Lyon 3,1288259468,728 000 €,6,4,153
Lyon 3,1289454060,625 000 €,3,2,70
Lyon 3,1288234802,1 111 000 €,4,3,101
Lyon 3,1288234803,807 200 €,4,3,93
Lyon 3,1288234801,1 013 000 €,4,3,91
Lyon 3,1288234800,573 000 €,3,2,73
Lyon 3,1288234806,1 119 500 €,5,4,123
Lyon 3,1288234799,459 000 €,3,2,68
Lyon 3,1288234805,1 306 000 €,5,4,116
Lyon 3,1288234798,658 000 €,3,2,70
Lyon 3,1288234804,905 200 €,4,3,99
Lyon 3,1289440897,89 000 €,1,,19
Lyon 3,1289432706,208 000 €,2,1,48
Lyon 3,1288207350,115 000 €,1,,26
Lyon 3,1288041945,122 000 €,1,,18
Lyon 3,1289395020,580 000 €,5,4,135
Lyon 3,1289908915,520 000 €,3,2,62
Lyon 3,1289393234,225 000 €,2,1,50
Lyon 3,1289385884,196 000 €,2,1,39
Lyon 3,1289384046,541 000 €,4,3,92
Lyon 3,1290147152,430 000 €,3,2,70
Lyon 3,1290147080,820 000 €,4,3,120
Lyon 3,1289329220,596 000 €,4,3,111
Lyon 3,1289294333,175 000 €,2,1,32
Lyon 3,1289265289,375 000 €,4,3,95
Lyon 3,1288822338,235 000 €,3,2,74
Lyon 3,1284112610,994 000 €,5,4,146
Lyon 3,1290147079,493 000 €,4,3,90
Lyon 3,1289195714,315 000 €,3,2,65
Lyon 3,1287396012,360 000 €,3,2,88
Lyon 3,1289133747,250 000 €,2,1,52
Lyon 3,1290147115,1 240 000 €,5,4,120
Lyon 3,1287859178,128 000 €,1,1,31
Lyon 3,1290147143,800 000 €,4,3,100
Lyon 3,1287692336,169 000 €,2,1,40
Lyon 3,1290147081,230 000 €,1,1,35
Lyon 3,1289034679,111 000 €,1,,18
Lyon 3,1290009543,432 500 €,4,3,84
Lyon 3,1289024635,240 000 € *,3,2,56
Lyon 3,1286035754,410 000 €,4,3,107
Lyon 3,1289001141,658 000 €,3,2,70
Lyon 3,1289001143,885 000 €,4,3,99
Lyon 3,1289001142,459 000 €,3,2,67
Lyon 3,1288594657,555 € *,2,1,27
Lyon 3,1287086431,230 000 €,3,2,74
Lyon 3,1288442734,140 000 € *,1,,32
Lyon 3,1288134211,250 000 € *,3,2,68
Lyon 3,1287163822,394 000 €,4,3,93
Lyon 3,1284724953,330 000 €,4,3,120
Lyon 3,1282312459,317 000 €,3,2,73.16
Lyon 3,1286262424,295 000 €,3,2,62
Lyon 3,1283683128,160 000 €,3,,51
Lyon 3,1290192413,471 400 €,3,2,70
Lyon 3,1290165517,230 000 €,1,,34
Lyon 3,1290165514,395 000 €,3,2,65
Lyon 3,1290192432,537 000 €,4,3,90
Lyon 3,1287684840,200 000 €,3,1,61
Lyon 3,1287407626,190 000 €,2,1,41
Lyon 3,1288143668,215 000 €,3,2,59
Lyon 3,1289125730,510 000 €,4,3,103
Lyon 4,1289378197,1 390 000 €,3,2,94
Lyon 4,1288906888,525 000 €,3,2,83
Lyon 4,1287469394,199 000 €,2,1,41
Lyon 4,1289526951,583 100 €,3,2,68
Lyon 4,1289367634,460 000 €,3,2,103
Lyon 4,1286792008,199 500 €,1,1,29
Lyon 4,1289578204,455 000 €,4,2,96
Lyon 4,1290173477,185 000 €,2,1,45
Lyon 4,1286524377,340 000 €,3,1,68
Lyon 4,1289765005,860 000 €,5,4,158
Lyon 4,1286051889,215 000 €,2,1,41
Lyon 4,1286051891,215 000 €,3,2,49
Lyon 4,1290161636,185 000 €,2,1,45
Lyon 4,1284206575,399 000 €,3,2,102
Lyon 4,1290150281,380 000 €,4,3,84
Lyon 4,1287812260,427 000 € *,4,3,114
Lyon 4,1288304474,880 000 €,6,3,185
Lyon 4,1288749717,365 000 €,3,2,64
Lyon 4,1290161615,349 000 €,3,2,96
Lyon 4,1286481028,336 600 €,3,2,61
Lyon 4,1289674825,670 000 €,4,3,86
Lyon 4,1290049784,590 000 €,5,3,173
Lyon 4,1285444981,247 000 €,4,,65
Lyon 4,1288501780,199 000 €,2,1,41
Lyon 4,1286858273,650 000 €,4,2,121
Lyon 4,1289211104,750 000 €,6,5,192
Lyon 4,1288393068,299 000 €,3,2,77
Lyon 4,1290112384,239 000 €,3,2,57
Lyon 4,1288749820,185 000 €,1,,35
Lyon 4,1286532917,425 000 €,3,2,81
Lyon 4,1284112466,556 000 €,3,2,73
Lyon 4,1290147168,379 000 €,2,1,50
Lyon 4,1290147165,556 000 €,3,2,73
Lyon 4,1288451268,445 000 €,3,2,100
Lyon 4,1290042355,169 000 €,3,2,54
Lyon 4,1290049786,649 000 €,5,4,145
Lyon 4,1288828929,840 000 €,5,4,144
Lyon 4,1290012211,499 000 €,5,3,108
Lyon 4,1289501252,272 000 €,3,2,59
Lyon 4,1289859864,149 000 €,1,,33
Lyon 4,1288261294,299 000 €,2,1,81
Lyon 4,1289987164,499 000 €,4,3,100
Lyon 4,1289547653,239 000 €,2,1,43
Lyon 4,1290078258,394 000 €,4,3,76
Lyon 4,1289929352,289 000 €,2,1,54
Lyon 4,1289793811,420 000 €,3,2,70
Lyon 4,1289880699,369 000 €,4,2,81
Lyon 4,1289962043,325 000 €,2,1,50
Lyon 4,1283407723,565 000 €,3,2,68
Lyon 4,1289674827,1 360 000 €,5,4,131
Lyon 4,1289856288,749 000 €,4,3,136
Lyon 4,1289832150,262 000 €,2,1,53
Lyon 4,1289829612,295 000 €,3,2,71
Lyon 4,1289595371,339 000 €,3,2,61
Lyon 4,1289408688,337 000 €,3,2,87
Lyon 4,1289808387,379 000 €,2,,47
Lyon 4,1289785239,131 000 €,2,1,46
Lyon 4,1289785233,98 000 €,1,1,18
Lyon 4,1289745762,298 000 €,2,1,52
Lyon 4,1288617508,540 000 €,4,3,87
Lyon 4,1289704449,320 000 € *,3,2,90
Lyon 4,1281668959,295 000 €,4,2,82
Lyon 4,1290040905,315 000 €,4,3,69
Lyon 4,1288653138,310 000 €,3,2,64
Lyon 4,1288459913,59 980 €,2,1,46
Lyon 4,1289674826,1 390 000 €,5,4,128
Lyon 4,1289636664,424 000 €,2,,47
Lyon 4,1289631671,235 000 €,2,1,54
Lyon 4,1288411517,325 000 €,3,2,62
Lyon 4,1289599514,530 000 €,5,4,126
Lyon 4,1289598642,210 000 €,2,1,38
Lyon 4,1286333748,285 000 €,3,2,45
Lyon 4,1289443503,270 000 €,2,1,58
Lyon 4,1289392858,420 000 €,3,2,70
Lyon 4,1289416334,490 000 €,5,4,172
Lyon 4,1289340081,1 379 000 €,5,4,149
Lyon 4,1289671013,769 000 €,5,3,113
Lyon 4,1286332283,598 000 €,3,2,73
Lyon 4,1289135463,357 000 €,3,2,61
Lyon 4,1289133750,357 645 €,3,2,61
Lyon 4,1285147147,995 000 €,7,5,209
Lyon 4,1288899017,385 000 €,2,1,46
Lyon 4,1289112673,369 000 €,2,1,46
Lyon 4,1289094659,349 000 €,2,1,60
Lyon 4,1286600530,630 000 €,4,3,104
Lyon 4,1290192456,480 000 €,3,2,62
Lyon 4,1290165521,598 000 €,3,2,73
Lyon 4,1289595369,259 000 €,2,1,63
Lyon 4,1286600722,211 000 €,5,4,72
Lyon 4,1289392856,358 000 €,3,2,80
Lyon 4,1287738610,280 000 €,5,4,81
Lyon 4,1290218956,239 000 €,2,1,40
Lyon 5,1288162518,1 170 000 €,6,4,156
Lyon 5,1290198406,320 000 €,4,,84
Lyon 5,1290197260,299 000 €,2,1,60
Lyon 5,1290173162,70 000 €,2,,41
Lyon 5,1288942240,159 000 €,1,,23
Lyon 5,1288756722,215 000 €,4,3,66
Lyon 5,1284789879,160 000 €,2,,49
Lyon 5,1289393884,549 000 €,5,3,117
Lyon 5,1289948905,178 000 €,2,1,54
Lyon 5,1288749723,220 000 €,2,1,46
Lyon 5,1289338338,1 190 000 €,5,4,146
Lyon 5,1287709994,299 000 €,3,,58
Lyon 5,1287945655,186 000 €,4,3,66
Lyon 5,1283502243,228 800 €,3,2,68
Lyon 5,1289642008,522 900 €,4,3,79
Lyon 5,1289642007,418 000 €,3,2,65
Lyon 5,1286474975,190 000 €,2,,66
Lyon 5,1285290204,233 000 €,4,,80
Lyon 5,1282474550,191 000 €,4,3,65
Lyon 5,1290123333,725 000 €,6,4,180
Lyon 5,1290122279,340 000 €,3,2,79
Lyon 5,1289248555,470 000 €,4,3,105
Lyon 5,1288262842,140 000 €,1,,25
Lyon 5,1289015053,169 000 €,3,2,56
Lyon 5,1288143438,312 000 €,3,2,68
Lyon 5,1288661047,240 000 €,4,3,80
Lyon 5,1289410056,229 000 € *,5,3,80
Lyon 5,1288991792,149 000 €,1,,23
Lyon 5,1288576538,485 000 €,4,3,117
Lyon 5,1288917896,248 000 €,2,1,50
Lyon 5,1288898817,927 400 €,5,4,138
Lyon 5,1290089572,262 000 €,2,1,48
Lyon 5,1290088567,330 000 €,2,1,72
Lyon 5,1290080758,299 000 €,3,2,68
Lyon 5,1289738482,169 000 €,4,2,66
Lyon 5,1287229993,165 000 € *,3,2,56
Lyon 5,1290068263,565 000 €,5,4,117
Lyon 5,1289438091,295 000 €,2,,43
Lyon 5,1290042546,534 500 €,4,3,79
Lyon 5,1290040910,740 000 €,3,2,127
Lyon 5,1290040512,310 000 €,4,2,88
Lyon 5,1290035091,450 000 €,5,3,110
Lyon 5,1288749711,269 000 €,3,2,68
Lyon 5,1288557787,229 000 €,3,2,79
Lyon 5,1290027082,199 000 € *,2,1,48
Lyon 5,1289669798,470 000 €,4,3,90
Lyon 5,1285793198,675 000 €,3,2,111
Lyon 5,1288528320,220 000 €,4,3,63
Lyon 5,1287539622,495 000 €,3,,90
Lyon 5,1287714619,334 000 €,3,2,60
Lyon 5,1287714618,268 000 €,2,1,40
Lyon 5,1287714620,524 000 €,4,3,92
Lyon 5,1289897118,299 000 €,3,2,68
Lyon 5,1281884486,211 000 €,3,2,67
Lyon 5,1286497366,243 000 €,4,,77
Lyon 5,1286498448,247 000 €,4,,83
Lyon 5,1289966554,316 000 €,3,2,62
Lyon 5,1289966558,494 000 €,4,3,91
Lyon 5,1289966555,306 000 €,3,2,60
Lyon 5,1289966557,484 000 €,4,3,91
Lyon 5,1289966551,258 000 €,2,1,40
Lyon 5,1289966549,172 000 €,1,,23
Lyon 5,1289966553,284 000 €,3,2,60
Lyon 5,1289966548,164 000 €,1,,23
Lyon 5,1288780606,295 000 €,5,3,105
Lyon 5,1290100028,349 000 €,5,3,105
Lyon 5,1289686434,430 000 €,4,2,93
Lyon 5,1288756418,418 150 €,3,2,64
Lyon 5,1289930090,310 000 €,4,3,84
Lyon 5,1289923006,309 000 €,3,2,77
Lyon 5,1286268588,329 072 €,2,1,49
Lyon 5,1288695663,599 000 €,4,3,154
Lyon 5,1288694042,295 000 €,3,2,75
Lyon 5,1288804336,149 600 €,3,2,53
Lyon 5,1289642006,274 500 €,2,1,44
Lyon 5,1289642011,927 500 €,5,4,138
Lyon 5,1289642009,585 800 €,5,4,93
Lyon 5,1289509968,135 000 €,1,1,36
Lyon 5,1289829629,265 000 €,3,2,71
Lyon 5,1289823292,200 000 € *,3,2,60
Lyon 5,1288628595,200 000 €,3,2,72
Lyon 5,1290089832,690 632 €,6,5,104
Lyon 5,1290089827,927 480 €,5,4,138
Lyon 5,1290089826,585 832 €,5,4,92
Lyon 5,1290089821,554 384 €,4,3,80
Lyon 5,1290089814,418 152 €,3,2,65
Lyon 5,1290089809,294 000 €,2,1,43
Lyon 5,1289776785,195 000 €,1,,25
Lyon 5,1287407718,223 600 € *,4,2,91
Lyon 5,1289768098,189 000 €,4,2,64
Lyon 5,1287642089,290 000 €,2,,43
Lyon 5,1288851292,425 000 €,5,3,104
Lyon 5,1283761151,208 552 €,1,1,32
Lyon 5,1284819087,274 576 €,2,1,44
Lyon 5,1280514807,418 152 €,3,2,65
Lyon 5,1280159700,927 480 €,5,4,138
Lyon 5,1280514808,532 384 €,4,3,79
Lyon 5,1290147088,308 000 €,3,2,60
Lyon 5,1290147100,240 000 €,2,1,40
Lyon 5,1288576532,164 900 €,3,2,49
Lyon 5,1287385671,990 000 €,4,2,106
Lyon 5,1287323272,530 000 €,4,2,148
Lyon 5,1287921415,145 000 €,2,,32
Lyon 5,1289652459,150 000 €,1,,21
Lyon 5,1289652458,130 000 €,1,,17
Lyon 5,1288224365,372 000 €,4,3,82
Lyon 5,1289634599,207 000 € *,3,2,62
Lyon 5,1289632538,195 000 € *,3,2,57
Lyon 5,1290151792,285 000 €,4,3,83
Lyon 5,1289642010,690 500 €,4,3,103
Lyon 5,1288410251,275 000 €,3,2,76
Lyon 5,1288857674,849 900 €,4,3,115
Lyon 5,1289599404,295 000 €,3,2,75
Lyon 5,1289598904,680 000 €,5,3,110
Lyon 5,1289134786,205 000 €,3,2,56
Lyon 5,1290205315,300 000 €,2,1,84
Lyon 5,1289547024,227 000 €,3,2,72
Lyon 5,1289446800,175 000 €,4,2,65
Lyon 5,1289086194,188 000 €,4,2,64
Lyon 5,1289785521,144 000 €,1,1,18
Lyon 5,1290161619,895 000 €,5,4,162
Lyon 5,1288151184,610 000 €,6,5,143
Lyon 5,1290147099,492 000 €,4,3,92
Lyon 5,1289326797,189 990 €,3,2,75
Lyon 5,1289283242,220 000 €,5,3,85
Lyon 5,1288852318,129 000 €,1,,21
Lyon 5,1286600433,995 000 €,6,4,172
Lyon 5,1289219886,320 000 €,3,2,62
Lyon 5,1285777592,635 000 €,5,3,112
Lyon 5,1286879105,194 000 €,4,2,84
Lyon 5,1287948495,585 800 €,5,4,92
Lyon 5,1287948391,329 000 €,2,1,49
Lyon 5,1287948494,690 600 €,6,5,103
Lyon 5,1287948390,927 480 €,5,4,138
Lyon 5,1287876341,172 500 €,2,1,61
Lyon 5,1287241366,135 000 €,1,1,27
Lyon 5,1288999506,210 000 €,3,2,53
Lyon 5,1288259467,315 000 €,3,2,62
Lyon 5,1285975824,299 000 € *,3,2,68
Lyon 5,1283616370,227 000 €,4,2,79
Lyon 5,1287079698,275 000 €,2,1,69
Lyon 5,1286804716,210 000 €,1,,42
Lyon 5,1282887614,159 000 €,1,,27
Lyon 5,1290174396,300 000 €,3,2,60
Lyon 5,1290174359,168 000 €,1,,23
Lyon 6,1290196080,299 000 €,3,2,74
Lyon 6,1290192839,485 000 €,4,3,95
Lyon 6,1284582778,247 000 €,3,2,58
Lyon 6,1290176058,239 000 €,2,1,44
Lyon 6,1289112339,730 000 €,6,4,132
Lyon 6,1289673374,399 000 €,3,2,94
Lyon 6,1289595080,225 000 €,2,1,48
Lyon 6,1289967725,500 000 €,3,2,81
Lyon 6,1289101778,415 000 €,3,2,62
Lyon 6,1289905830,480 000 €,5,3,86
Lyon 6,1289007980,280 000 €,2,1,52
Lyon 6,1286882561,311 000 €,2,1,53
Lyon 6,1288826335,88 000 €,1,1,13
Lyon 6,1290134872,930 000 €,5,4,118
Lyon 6,1289069027,310 000 €,3,2,47
Lyon 6,1288724255,733 600 €,4,3,137
Lyon 6,1288946977,690 000 €,4,3,103
Lyon 6,1288569778,550 000 €,3,2,74
Lyon 6,1287829628,1 350 000 €,3,2,153
Lyon 6,1290062136,699 000 €,4,3,112
Lyon 6,1288770070,465 000 €,4,3,84
Lyon 6,1289783030,799 000 €,6,4,164
Lyon 6,1290062135,649 000 €,5,3,138
Lyon 6,1290122820,248 000 €,2,1,46
Lyon 6,1289111397,55 000 €,2,1,1
Lyon 6,1289383980,384 000 €,3,2,77
Lyon 6,1290041179,599 000 €,4,3,113
Lyon 6,1289278394,485 000 €,5,3,107
Lyon 6,1287859661,995 000 €,6,3,186
Lyon 6,1288041609,496 000 €,3,2,84
Lyon 6,1289696249,365 000 €,4,2,86
Lyon 6,1289694758,149 000 €,1,1,27
Lyon 6,1290085051,195 000 €,2,1,32
Lyon 6,1288749730,474 000 €,2,1,88
Lyon 6,1290079380,1 160 000 €,6,4,173
Lyon 6,1290079271,295 000 €,3,1,63
Lyon 6,1290078188,540 000 €,4,3,110
Lyon 6,1286600694,849 000 €,5,4,170
Lyon 6,1284421360,250 000 €,2,1,45
Lyon 6,1289489883,850 000 €,5,4,190
Lyon 6,1290019204,290 000 €,2,1,58
Lyon 6,1290109749,375 000 €,3,2,70
Lyon 6,1290031047,850 000 €,5,4,141
Lyon 6,1290012754,450 000 €,3,2,71
Lyon 6,1290062129,529 000 €,3,2,87
Lyon 6,1290062130,499 000 €,3,2,73
Lyon 6,1289524954,225 000 €,2,1,48
Lyon 6,1289415636,375 000 €,4,3,94
Lyon 6,1288749726,350 000 €,3,,65
Lyon 6,1279483689,500 000 €,4,3,105
Lyon 6,1289921037,425 000 €,3,2,75
Lyon 6,1288826336,98 000 €,1,1,16
Lyon 6,1290040154,650 000 €,4,3,110
Lyon 6,1288024882,190 000 €,1,,29
Lyon 6,1288024881,210 000 €,1,,33
Lyon 6,1286578750,650 000 €,5,4,125
Lyon 6,1289985854,545 000 €,6,4,128
Lyon 6,1289281192,299 000 €,3,2,79
Lyon 6,1289976531,189 000 €,1,1,32
Lyon 6,1289960947,940 500 €,4,3,150
Lyon 6,1289988389,850 000 €,5,4,158
Lyon 6,1289920006,285 000 €,2,1,60
Lyon 6,1288766035,940 000 €,5,4,137
Lyon 6,1288397976,650 000 €,4,3,110
Lyon 6,1289916234,995 000 €,5,4,135
Lyon 6,1289900688,280 000 €,2,,70
Lyon 6,1289898938,469 000 €,3,2,82
Lyon 6,1289896312,115 000 €,2,1,39
Lyon 6,1289568954,369 000 €,3,2,62
Lyon 6,1288694757,695 000 €,3,2,103
Lyon 6,1279324507,290 000 €,2,1,46
Lyon 6,1288856039,299 000 €,3,2,74
Lyon 6,1289689039,398 000 €,2,1,65
Lyon 6,1288669501,733 600 €,5,3,137
Lyon 6,1288669500,377 000 €,2,1,65
Lyon 6,1288927702,377 000 €,2,1,66
Lyon 6,1289193450,299 000 €,3,2,84
Lyon 6,1289410280,665 600 €,3,2,80
Lyon 6,1289828471,190 000 €,2,,31
Lyon 6,1289828470,590 000 €,4,3,101
Lyon 6,1289786428,620 000 €,4,3,107
Lyon 6,1289000795,403 000 €,3,2,87
Lyon 6,1289785519,555 000 €,5,3,119
Lyon 6,1289186980,179 000 €,1,,32
Lyon 6,1287407719,269 500 € *,3,2,80
Lyon 6,1287397333,229 000 €,1,,34
Lyon 6,1289628199,855 000 €,5,3,140
Lyon 6,1289730174,305 000 €,2,1,60
Lyon 6,1289009159,449 000 €,3,2,118
Lyon 6,1289707697,555 000 €,4,3,115
Lyon 6,1288026464,500 000 €,3,2,73
Lyon 6,1290161620,1 290 000 €,7,4,165
Lyon 6,1286600517,100 000 €,1,1,12
Lyon 6,1285803972,700 000 €,3,2,95
Lyon 6,1289662796,69 000 € *,1,1,26
Lyon 6,1288466833,639 000 €,5,3,117
Lyon 6,1289652456,159 000 €,1,,27
Lyon 6,1287284877,110 000 €,1,1,14
Lyon 6,1289596254,268 000 €,2,1,56
Lyon 6,1288334290,210 000 €,2,1,47
Lyon 6,1290161617,715 000 €,4,3,108
Lyon 6,1287193261,550 000 €,4,3,100
Lyon 6,1289524932,550 000 €,5,4,118
Lyon 6,1289518196,700 000 €,8,4,155
Lyon 6,1289502403,525 000 €,4,3,102
Lyon 6,1289494821,195 000 €,2,2,41
Lyon 6,1289470272,650 000 €,3,2,100
Lyon 6,1289443348,215 000 €,2,1,46
Lyon 6,1287060407,234 000 €,2,1,50
Lyon 6,1288537328,359 000 €,4,3,86
Lyon 6,1286600310,330 000 €,2,1,59
Lyon 6,1288298540,155 000 €,1,,24
Lyon 6,1286923278,779 000 €,4,3,112
Lyon 6,1288074162,220 000 €,2,1,36
Lyon 6,1289152369,449 000 €,4,2,75
Lyon 6,1286938969,570 000 €,4,3,105
Lyon 6,1289219883,749 000 €,4,3,120
Lyon 6,1289134765,1 355 000 €,7,6,134
Lyon 6,1288650963,329 000 €,2,1,38
Lyon 6,1286658800,850 000 €,5,3,160
Lyon 6,1287793053,795 000 €,5,4,152
Lyon 6,1288164090,175 000 € *,2,1,50
Lyon 6,1286600686,335 000 €,2,1,60
Lyon 7,1289274597,479 000 € *,4,3,92
Lyon 7,1289358232,460 000 €,3,2,87
Lyon 7,1289367648,210 000 €,2,1,54
Lyon 7,1289167462,86 500 €,1,,21
Lyon 7,1290086601,165 000 € *,1,,27
Lyon 7,1290173462,375 000 €,4,3,82
Lyon 7,1290173105,325 000 €,2,1,58
Lyon 7,1289208872,215 000 €,2,1,45
Lyon 7,1289953861,190 000 €,2,1,39
Lyon 7,1289785116,235 000 €,3,2,59
Lyon 7,1289360731,280 000 €,3,2,60
Lyon 7,1287891028,359 000 €,3,2,72
Lyon 7,1289567400,205 000 €,1,,40
Lyon 7,1290146826,129 000 €,2,1,29
Lyon 7,1289867871,70 000 €,1,,18
Lyon 7,1288528330,199 000 €,2,1,49
Lyon 7,1289533522,290 000 €,3,,67
Lyon 7,1288818588,67 000 €,1,,18
Lyon 7,1288749722,152 000 €,1,,30
Lyon 7,1288749481,160 000 €,1,,38
Lyon 7,1288749480,170 000 €,2,1,50
Lyon 7,1289924246,336 000 €,3,,66
Lyon 7,1288959343,245 000 €,3,2,65
Lyon 7,1289944534,890 000 €,7,4,188
Lyon 7,1287230414,159 000 €,2,1,36
Lyon 7,1285998879,139 000 €,2,1,26
Lyon 7,1286494326,249 000 €,4,,74
Lyon 7,1288749479,240 000 €,3,2,69
Lyon 7,1286268106,450 000 €,5,4,112
Lyon 7,1289915986,255 000 €,3,2,54
Lyon 7,1289997275,92 000 €,1,,20
Lyon 7,1288799874,345 000 €,4,2,98
Lyon 7,1290147083,495 000 €,4,3,93
Lyon 7,1290147133,840 000 €,4,3,103
Lyon 7,1290147087,335 000 €,2,1,53
Lyon 7,1288694051,218 000 €,2,1,48
Lyon 7,1288693129,399 000 €,4,3,102
Lyon 7,1289933059,55 000 €,1,7,12
Lyon 7,1290105441,730 000 €,7,5,202
Lyon 7,1289681547,248 000 €,2,2,63
Lyon 7,1290147124,299 000 €,2,1,45
Lyon 7,1290147125,499 000 €,4,3,80
Lyon 7,1290147167,417 000 €,4,3,90
Lyon 7,1290147048,383 000 €,3,2,60
Lyon 7,1290089903,218 000 €,2,1,49
Lyon 7,1290085028,215 000 €,2,1,57
Lyon 7,1290079593,210 000 €,2,1,49
Lyon 7,1290079409,335 000 €,3,2,76
Lyon 7,1290033198,575 000 €,5,3,109
Lyon 7,1288897000,493 000 €,3,2,95
Lyon 7,1289644300,140 000 €,1,,38
Lyon 7,1289649268,320 000 €,3,2,73
Lyon 7,1288313716,350 000 €,4,3,85
Lyon 7,1290033205,405 000 €,4,3,79
Lyon 7,1288749520,410 000 €,4,3,88
Lyon 7,1289899068,500 000 €,5,3,109
Lyon 7,1288036707,329 000 €,4,3,95
Lyon 7,1288528378,319 000 €,3,2,60
Lyon 7,1289533521,185 000 €,2,1,30
Lyon 7,1288827119,120 000 €,1,,29
Lyon 7,1287584412,95 746 €,1,1,19
Lyon 7,1289998104,379 000 €,3,,66
Lyon 7,1289998100,439 000 €,3,,61
Lyon 7,1289998030,468 000 €,4,3,92
Lyon 7,1289444497,249 000 €,3,2,61
Lyon 7,1289636607,280 000 €,3,2,76
Lyon 7,1289996042,149 000 €,2,1,33
Lyon 7,1289996038,286 000 €,3,2,57
Lyon 7,1289994104,110 000 €,1,,16
Lyon 7,1289993614,335 000 €,3,2,80
Lyon 7,1287737133,499 000 €,4,3,82
Lyon 7,1288977940,379 000 €,3,,66
Lyon 7,1288977942,579 000 €,5,,95
Lyon 7,1289083278,364 000 €,3,2,66
Lyon 7,1289807552,270 000 €,2,1,48
Lyon 7,1289807554,466 000 €,4,3,76
Lyon 7,1288977941,475 000 €,4,,78
Lyon 7,1288977943,235 000 €,3,,58
Lyon 7,1289083279,519 000 €,4,3,95
Lyon 7,1289807553,340 000 €,3,2,61
Lyon 7,1289807555,596 000 €,5,4,96
Lyon 7,1288699355,520 000 €,4,3,92
Lyon 7,1289045070,716 000 €,5,4,103
Lyon 7,1289045072,395 000 €,3,2,61
Lyon 7,1288527200,1 190 000 €,5,4,109
Lyon 7,1288527198,455 000 €,3,2,68
Lyon 7,1289766387,239 000 €,3,2,59
Lyon 7,1289987167,165 000 €,2,1,48
Lyon 7,1288841292,332 000 €,2,1,69
Lyon 7,1289952546,499 000 €,4,3,111
Lyon 7,1288528617,450 000 €,4,2,88
Lyon 7,1290134627,390 000 €,3,,75
Lyon 7,1289974349,299 000 €,2,,50
Lyon 7,1289974343,595 000 €,4,,87
Lyon 7,1288780311,315 000 €,3,2,65
Lyon 7,1287560803,364 000 €,3,2,66
Lyon 7,1285085324,95 000 €,1,,19
Lyon 7,1289953813,81 982 €,1,,20
Lyon 7,1289952416,350 000 €,5,4,100
Lyon 7,1288753836,87 000 €,1,,18
Lyon 7,1289897288,299 000 €,3,2,60
Lyon 7,1289896053,630 000 €,4,3,118
Lyon 7,1289740178,180 000 € *,4,2,60
Lyon 7,1288399246,364 000 €,3,2,66
Lyon 7,1286160212,439 000 €,4,2,114
Lyon 7,1288699357,705 000 €,5,4,119
Lyon 7,1288653141,499 000 €,3,2,89
Lyon 7,1289864315,470 000 €,4,3,82
Lyon 7,1289863239,390 000 €,3,2,64
Lyon 7,1289861840,73 700 €,1,,18
Lyon 7,1289045071,601 000 €,4,3,90
Lyon 7,1288527199,635 000 €,4,3,81
Lyon 7,1288897859,379 000 €,3,2,72
Lyon 7,1289856295,245 000 €,2,1,45
Lyon 7,1289329515,133 500 €,1,,30
Lyon 7,1289856291,700 000 €,6,4,175
Lyon 7,1289838486,318 000 €,3,2,70
Lyon 7,1289547659,285 000 €,3,2,56
Lyon 7,1289828469,450 000 €,5,4,107
Lyon 7,1287755382,81 000 €,1,,18
Lyon 7,1289392859,325 000 €,3,2,63
Lyon 7,1289895878,494 000 €,3,2,66
Lyon 7,1289895877,483 000 €,3,2,65
Lyon 7,1289895876,449 000 €,3,2,61
Lyon 7,1289470306,395 000 €,3,2,75
Lyon 7,1289798579,285 000 €,3,2,57
Lyon 7,1288611074,94 000 €,1,,21
Lyon 7,1288613787,321 000 €,4,3,82
Lyon 7,1288806569,273 000 €,2,1,56
Lyon 7,1289781540,380 000 €,3,2,85
Lyon 7,1289776779,315 000 €,3,2,60
Lyon 7,1289771162,349 000 €,3,2,78
Lyon 7,1289767411,195 000 €,4,3,62
Lyon 7,1289444465,370 000 €,4,3,86
Lyon 7,1289765570,249 000 €,3,2,62
Lyon 7,1289752894,273 000 €,2,1,56
Lyon 7,1289895890,591 400 €,5,4,94
Lyon 7,1289895882,642 300 €,4,3,94
Lyon 7,1289895888,499 000 €,4,3,77
Lyon 7,1289895881,529 900 €,4,3,80
Lyon 7,1289895880,434 900 €,3,2,66
Lyon 7,1289895871,299 000 €,2,1,45
Lyon 7,1289895874,459 900 €,3,2,66
Lyon 7,1289895875,419 900 €,3,2,66
Lyon 7,1289895867,242 300 €,1,,31
Lyon 7,1289663928,135 000 €,2,1,30
Lyon 7,1289694563,325 000 €,3,2,63
Lyon 7,1289694358,555 000 €,3,,68
Lyon 7,1289694297,675 000 €,4,,85
Lyon 7,1290063140,589 000 €,4,3,90
Lyon 7,1290063146,783 000 €,5,4,100
Lyon 7,1290063144,630 000 €,4,3,83
Lyon 7,1290147191,365 000 €,2,1,50
Lyon 7,1290147193,439 000 €,3,2,62
Lyon 7,1290063100,355 000 €,3,2,66
Lyon 7,1290063063,440 000 €,4,3,76
Lyon 7,1290063062,272 000 €,2,1,45
Lyon 7,1290063060,694 000 €,5,4,50
Lyon 7,1290063061,350 000 €,3,2,61
Lyon 7,1290063053,680 000 €,5,4,121
Lyon 7,1289691509,395 000 €,3,2,75
Lyon 7,1288496651,299 000 €,4,3,68
Lyon 7,1289679212,102 000 €,1,,18
Lyon 7,1289134705,230 000 €,2,1,53
Lyon 7,1288313622,295 000 €,3,2,55
Lyon 7,1290009533,639 000 €,4,3,95
Lyon 7,1288010290,235 000 €,2,1,43
Lyon 7,1289895889,587 000 €,5,4,104
Lyon 7,1289895872,403 000 €,3,2,69
Lyon 7,1289895869,324 000 €,2,1,52
Lyon 7,1289895873,405 000 €,3,2,72
Lyon 7,1289895870,353 000 €,2,1,57
Lyon 7,1289895868,335 000 €,2,1,53
Lyon 7,1290151716,520 000 €,5,3,106
Lyon 7,1289113642,195 000 €,2,1,36
Lyon 7,1289627920,136 000 €,1,1,28
Lyon 7,1289605771,105 682 €,1,,20
Lyon 7,1289598946,515 000 €,4,3,89
Lyon 7,1289598639,332 000 €,2,1,69
Lyon 7,1289598559,75 000 €,1,,18
Lyon 7,1289597378,350 000 €,4,3,73
Lyon 7,1289597195,295 000 €,3,2,55
Lyon 7,1289596990,499 000 €,3,2,85
Lyon 7,1289596886,299 000 €,4,3,76
Lyon 7,1288393208,288 000 €,3,2,64
Lyon 7,1289564599,240 000 €,2,1,41
Lyon 7,1289341154,240 000 €,2,,34
Lyon 7,1288325238,535 000 €,4,3,89
Lyon 7,1288314119,480 000 €,4,3,87
Lyon 7,1287263014,115 000 €,1,1,19
Lyon 7,1289519550,157 000 €,1,1,30
Lyon 7,1288617224,185 000 €,3,,53
Lyon 7,1288898464,320 000 €,3,2,66
Lyon 7,1288852731,325 000 €,3,2,70
Lyon 7,1288260923,365 000 €,4,3,82
Lyon 7,1287739969,329 000 €,3,2,74
Lyon 7,1289443349,520 000 €,5,3,104
Lyon 7,1290147134,579 000 €,5,4,95
Lyon 7,1290147131,389 900 €,3,2,70
Lyon 7,1289430084,269 000 €,3,2,56
Lyon 7,1287081437,149 900 €,2,,40
Lyon 7,1289392862,680 000 €,4,3,115
Lyon 7,1290147064,425 000 €,3,2,70
Lyon 7,1290147063,650 000 €,4,3,90
Lyon 7,1290147047,563 000 €,4,3,90
Lyon 7,1288653159,290 000 €,2,1,60
Lyon 7,1289364385,229 000 €,2,1,55
Lyon 7,1289895883,595 000 €,4,3,86
Lyon 7,1288393465,390 000 €,3,2,76
Lyon 7,1289180750,249 000 € *,2,1,59
Lyon 7,1287562714,199 000 €,2,1,42
Lyon 7,1287263264,320 000 €,5,4,87
Lyon 7,1289259978,251 000 €,3,2,84
Lyon 7,1289219790,175 500 €,2,1,44
Lyon 7,1287364094,365 000 €,4,3,83
Lyon 7,1289191103,412 000 €,3,2,64
Lyon 7,1289186287,180 000 €,2,1,48
Lyon 7,1287947235,489 000 €,5,4,112
Lyon 7,1287938375,390 000 €,3,2,67
Lyon 7,1288468032,195 000 €,2,1,32
Lyon 7,1289116512,370 000 €,3,2,91
Lyon 7,1289087675,449 000 €,3,2,86
Lyon 7,1290151685,326 900 €,3,2,82
Lyon 7,1288393346,125 000 €,1,,23
Lyon 7,1288611527,449 000 €,4,3,86
Lyon 7,1289571934,549 000 €,5,4,117
Lyon 7,1288889110,378 000 € *,3,2,87
Lyon 7,1288880716,570 € *,2,1,47
Lyon 7,1288601448,183 500 € *,1,1,27
Lyon 7,1287105936,200 000 €,1,1,41
Lyon 7,1288446284,295 000 € *,5,3,93
Lyon 7,1290165496,275 000 €,2,1,47
Lyon 7,1290165497,345 000 €,3,2,60
Lyon 7,1290165495,364 000 €,3,2,65
Lyon 7,1290165493,585 000 €,4,3,87
Lyon 7,1290165485,601 000 €,4,3,90
Lyon 7,1290165482,439 000 €,3,2,61
Lyon 7,1288970577,280 000 €,3,2,63
Lyon 7,1289152400,199 000 €,1,1,41
Lyon 7,1289856290,225 000 €,2,1,51
Lyon 7,1287123515,104 900 €,1,1,19
Lyon 8,1288841296,199 000 €,3,2,60
Lyon 8,1290053209,250 000 € *,4,3,97
Lyon 8,1288749555,270 000 €,4,3,92
Lyon 8,1290196082,425 000 €,4,2,82
Lyon 8,1290193935,549 900 €,4,3,95
Lyon 8,1290190329,149 300 €,1,1,53
Lyon 8,1289016533,159 900 €,2,1,53
Lyon 8,1287763054,185 000 €,3,2,71
Lyon 8,1289056957,170 000 €,4,3,80
Lyon 8,1289415566,119 000 €,1,,35
Lyon 8,1290172371,250 000 €,4,3,73
Lyon 8,1290115171,245 000 €,3,2,68
Lyon 8,1290159847,114 000 €,1,,20
Lyon 8,1285837216,78 000 €,1,,19
Lyon 8,1284054947,80 000 €,1,,21
Lyon 8,1289186528,136 000 €,1,1,24
Lyon 8,1287920111,110 000 €,2,1,28
Lyon 8,1289059963,255 000 €,3,2,65
Lyon 8,1289975464,269 000 €,5,4,95
Lyon 8,1289249800,260 000 €,4,3,74
Lyon 8,1289757608,242 000 €,2,1,44
Lyon 8,1289099994,270 000 €,4,3,92
Lyon 8,1288846362,140 000 €,1,,33
Lyon 8,1290155755,479 550 €,4,3,94
Lyon 8,1289048174,335 000 €,3,2,65
Lyon 8,1289700569,131 000 €,1,,27
Lyon 8,1290147504,155 000 €,2,1,35
Lyon 8,1289132916,245 000 €,3,2,65
Lyon 8,1289025501,250 000 €,2,1,43
Lyon 8,1289967727,199 000 €,2,1,46
Lyon 8,1287730252,325 000 €,3,2,76
Lyon 8,1289982392,260 000 €,4,3,80
Lyon 8,1289816139,279 000 €,3,2,58
Lyon 8,1288079771,215 000 €,5,4,110
Lyon 8,1290141680,180 000 €,3,,56
Lyon 8,1286119276,360 000 €,4,3,93
Lyon 8,1288749517,55 000 €,1,,18
Lyon 8,1288749514,65 000 €,1,,18
Lyon 8,1288749806,132 000 €,1,,25
Lyon 8,1289827184,145 000 €,1,1,30
Lyon 8,1289298200,275 000 € *,4,3,85
Lyon 8,1288749518,60 000 €,1,,18
Lyon 8,1288749791,200 000 €,3,2,71
Lyon 8,1288749796,278 000 €,4,3,90
Lyon 8,1288749802,330 000 €,3,2,70
Lyon 8,1288749804,144 000 €,1,,26
Lyon 8,1288951428,230 000 €,3,2,68
Lyon 8,1285827863,260 000 €,6,4,113
Lyon 8,1290120439,660 000 €,5,4,125
Lyon 8,1288943101,580 000 €,5,3,160
Lyon 8,1288850318,299 000 €,4,3,81
Lyon 8,1290112272,160 000 €,2,1,40
Lyon 8,1290112266,233 500 €,3,2,49
Lyon 8,1290108131,170 000 €,2,1,38
Lyon 8,1288369878,248 000 €,5,3,77
Lyon 8,1289287666,370 000 €,3,2,64
Lyon 8,1289687312,320 000 €,4,3,83
Lyon 8,1288497423,325 000 €,3,2,69
Lyon 8,1289835947,633 000 €,5,4,111
Lyon 8,1290106754,270 000 €,4,3,104
Lyon 8,1288749710,259 000 €,3,2,66
Lyon 8,1285211339,179 000 €,4,3,82
Lyon 8,1290134600,169 900 €,3,2,66
Lyon 8,1288916404,320 000 €,2,1,52
Lyon 8,1290082759,150 000 €,3,2,74
Lyon 8,1285668860,184 000 €,3,1,57
Lyon 8,1288063350,189 000 €,3,2,63
Lyon 8,1290080663,298 000 €,3,2,65
Lyon 8,1284275506,408 500 € *,5,4,95
Lyon 8,1288749707,217 000 €,3,2,61
Lyon 8,1289974253,315 000 €,2,1,60
Lyon 8,1288898201,312 000 €,3,2,62
Lyon 8,1290147179,326 000 €,3,2,65
Lyon 8,1289646030,89 000 €,,,18
Lyon 8,1290147156,360 000 €,4,3,80
Lyon 8,1290063088,279 000 €,3,2,60
Lyon 8,1284433166,330 000 €,4,3,102
Lyon 8,1290012694,360 000 €,3,2,77
Lyon 8,1288850314,389 000 €,4,2,90
Lyon 8,1289863080,214 000 €,2,1,49
Lyon 8,1289878099,315 000 €,4,3,81
Lyon 8,1290000131,143 000 €,1,,25
Lyon 8,1288827945,195 000 €,4,2,82
Lyon 8,1287604736,335 600 €,3,2,61
Lyon 8,1286482263,349 000 €,3,2,72
Lyon 8,1289083317,417 604 €,4,3,83
Lyon 8,1286844636,235 000 €,3,2,66
Lyon 8,1289987165,305 000 €,3,2,72
Lyon 8,1289982705,230 000 €,2,1,58
Lyon 8,1289606134,159 500 €,2,1,37
Lyon 8,1287848666,190 000 €,3,2,61
Lyon 8,1289975342,350 000 €,4,2,80
Lyon 8,1286966657,370 000 €,4,3,90
Lyon 8,1286966653,440 000 €,4,3,99
Lyon 8,1289136751,480 000 €,4,2,89
Lyon 8,1288779145,250 000 €,3,2,63
Lyon 8,1289953018,300 000 €,3,2,72
Lyon 8,1289952420,580 000 €,5,3,160
Lyon 8,1288088239,177 000 €,4,2,70
Lyon 8,1289135764,315 000 €,4,3,81
Lyon 8,1289944318,340 000 € *,5,3,102
Lyon 8,1288933433,310 000 €,5,3,112
Lyon 8,1289943545,340 000 € *,5,3,103
Lyon 8,1289909144,199 000 €,2,1,54
Lyon 8,1289900928,189 000 €,3,2,73
Lyon 8,1289898945,500 000 €,4,3,120
Lyon 8,1289898941,265 000 €,4,3,72
Lyon 8,1289896332,167 000 €,4,3,68
Lyon 8,1289879147,289 000 € *,3,2,55
Lyon 8,1289868962,220 000 €,4,2,76
Lyon 8,1288979225,178 000 €,5,4,88
Lyon 8,1288724406,180 000 €,3,1,48
Lyon 8,1288656549,159 000 €,2,1,39
Lyon 8,1289860025,270 000 € *,4,3,81
Lyon 8,1288569062,270 000 €,5,4,82
Lyon 8,1288670339,199 000 €,3,2,70
Lyon 8,1287811230,119 900 €,2,1,43
Lyon 8,1289859978,270 000 € *,4,3,81
Lyon 8,1289857036,215 000 €,3,2,68
Lyon 8,1286510592,665 000 €,4,3,86
Lyon 8,1286510591,690 000 €,4,3,88
Lyon 8,1289378263,230 000 €,4,2,67
Lyon 8,1289166507,548 000 €,5,3,93
Lyon 8,1289828467,299 900 €,4,2,100
Lyon 8,1289808533,100 000 €,1,1,18
Lyon 8,1289808521,100 000 €,1,1,18
Lyon 8,1289808513,100 000 €,1,1,18
Lyon 8,1289808511,100 000 €,1,1,18
Lyon 8,1289806729,245 000 €,3,2,65
Lyon 8,1288670593,475 000 €,4,3,79
Lyon 8,1289776786,195 000 €,3,2,72
Lyon 8,1289776787,225 000 €,3,1,70
Lyon 8,1289767269,640 000 €,5,3,122
Lyon 8,1289767266,549 000 €,5,3,125
Lyon 8,1289765562,379 000 €,3,2,74
Lyon 8,1288557086,175 000 €,3,2,67
Lyon 8,1290147180,264 000 €,2,1,45
Lyon 8,1289715206,205 000 €,3,2,74
Lyon 8,1288540523,284 000 €,4,3,90
Lyon 8,1289706785,280 000 €,4,3,115
Lyon 8,1288573396,185 000 €,4,2,90
Lyon 8,1289689418,223 000 €,4,3,89
Lyon 8,1289694820,178 000 €,2,1,41
Lyon 8,1287339045,535 000 €,4,3,133
Lyon 8,1290063113,599 000 €,5,4,105
Lyon 8,1290147178,524 000 €,4,3,85
Lyon 8,1290063082,399 000 €,4,3,80
Lyon 8,1290063070,665 000 €,4,3,90
Lyon 8,1290063069,690 000 €,4,3,90
Lyon 8,1288514923,522 900 €,4,,80
Lyon 8,1287321744,199 500 €,4,3,71
Lyon 8,1288573401,168 000 €,4,2,73
Lyon 8,1288487211,232 000 €,4,3,84
Lyon 8,1289671511,254 000 €,3,2,64
Lyon 8,1289654668,99 000 €,1,,26
Lyon 8,1289644963,179 000 €,2,1,49
Lyon 8,1287284156,199 000 €,4,3,67
Lyon 8,1287240954,119 000 €,1,,26
Lyon 8,1289617815,159 000 €,4,3,69
Lyon 8,1289445170,135 000 €,2,1,42
Lyon 8,1288493375,267 000 €,3,2,67
Lyon 8,1289599161,235 000 €,4,3,67
Lyon 8,1289598984,199 000 €,3,2,79
Lyon 8,1289598532,199 000 €,3,2,59
Lyon 8,1289597992,199 000 €,2,1,30
Lyon 8,1288898448,199 000 €,3,2,79
Lyon 8,1289593931,165 000 €,3,2,56
Lyon 8,1289587322,212 000 €,3,2,65
Lyon 8,1289584808,325 000 €,3,2,71
Lyon 8,1289575983,199 000 €,2,1,54
Lyon 8,1287181909,180 000 €,2,1,40
Lyon 8,1282312455,260 000 €,5,4,107
Lyon 8,1288149140,195 000 €,3,2,71
Lyon 8,1289550099,360 000 €,4,3,94
Lyon 8,1289518193,255 000 €,3,2,64
Lyon 8,1288393067,319 000 €,3,2,62
Lyon 8,1289501744,175 000 €,3,2,73
Lyon 8,1288587845,275 000 €,4,3,95
Lyon 8,1289473295,665 000 € *,4,3,110
Lyon 8,1289464977,199 000 €,4,4,66
Lyon 8,1289148423,298 000 € *,4,3,71
Lyon 8,1289027388,277 000 €,3,2,65
Lyon 8,1285394049,130 000 €,1,,32
Lyon 8,1289392336,131 000 €,1,1,25
Lyon 8,1289385883,290 000 €,3,2,73
Lyon 8,1289925766,199 990 €,3,2,58
Lyon 8,1289365954,220 000 €,3,2,72
Lyon 8,1286058731,225 000 €,3,2,75
Lyon 8,1289329514,179 000 €,3,2,60
Lyon 8,1284827780,171 500 €,2,1,41
Lyon 8,1286658793,124 000 €,1,1,48
Lyon 8,1287222197,160 000 €,3,1,62
Lyon 8,1283168451,226 000 €,4,3,79
Lyon 8,1288041475,445 000 €,5,4,99
Lyon 8,1286921004,318 000 €,3,2,53
Lyon 8,1288016376,200 000 €,3,2,60
Lyon 8,1289221612,220 000 € *,5,3,104
Lyon 8,1288433695,149 000 €,2,,41
Lyon 8,1289211100,245 000 €,3,2,68
Lyon 8,1288238211,229 000 €,4,3,92
Lyon 8,1286889642,349 000 €,3,2,63
Lyon 8,1289179016,281 000 €,3,2,78
Lyon 8,1290147061,738 000 €,5,4,130
Lyon 8,1286827271,639 000 €,4,3,110
Lyon 8,1285570827,491 500 €,4,3,81
Lyon 8,1285570826,432 110 €,4,3,81
Lyon 8,1285570831,525 600 €,4,3,91
Lyon 8,1285570830,462 090 €,4,3,91
Lyon 8,1285570828,525 000 €,4,3,111
Lyon 8,1285570829,597 156 €,4,3,111
Lyon 8,1289132649,185 000 €,2,1,44
Lyon 8,1285792749,167 000 €,4,3,68
Lyon 8,1289085164,210 000 €,4,3,87
Lyon 8,1289083389,215 000 €,3,2,55
Lyon 8,1289083390,220 000 €,5,3,114
Lyon 8,1288199001,198 000 €,2,1,59
Lyon 8,1289060074,210 000 €,3,2,52
Lyon 8,1284933635,72 000 €,1,,19
Lyon 8,1290147046,410 000 €,4,3,85
Lyon 8,1289027387,300 000 €,4,3,76
Lyon 8,1289000390,270 000 €,4,3,95
Lyon 8,1287792994,170 000 €,2,1,32
Lyon 8,1287737972,330 000 €,3,2,78
Lyon 8,1286600691,98 000 €,1,,18
Lyon 8,1288149132,235 000 €,5,4,105
Lyon 8,1286857790,177 000 €,2,1,45
Lyon 8,1284716299,189 000 €,4,2,88
Lyon 8,1288530202,295 000 € *,4,3,86
Lyon 8,1285935834,395 000 €,5,4,125
Lyon 8,1288174134,209 000 € *,3,2,66
Lyon 8,1288006311,179 000 €,3,2,73
Lyon 8,1287997024,72 000 €,1,,18
Lyon 8,1287331526,270 000 €,4,3,75
Lyon 8,1287264353,199 000 €,4,3,67
Lyon 8,1281831934,164 000 €,4,,68
Lyon 8,1290202548,425 000 €,4,3,78
Lyon 8,1290192072,299 000 €,3,2,59
Lyon 8,1290190902,220 000 €,2,1,41
Lyon 8,1290186791,292 000 €,3,2,63
Lyon 8,1290165535,289 000 €,2,1,43
Lyon 8,1290165536,359 000 €,3,2,63
Lyon 8,1290165532,294 000 €,2,1,44
Lyon 8,1290165531,217 000 €,1,,32
Lyon 8,1287715296,149 000 €,4,3,65
Lyon 8,1288897854,170 000 €,3,,65
Lyon 8,1286600521,255 000 €,3,2,60
Lyon 8,1289494466,365 000 €,4,3,80
Lyon 8,1287911620,246 500 €,3,2,52
Lyon 9,1288162519,300 000 €,3,2,72
Lyon 9,1287970519,629 000 €,5,4,120
Lyon 9,1289578059,249 000 €,2,1,55
Lyon 9,1289258458,178 000 €,2,1,46
Lyon 9,1289260051,225 000 €,3,1,58
Lyon 9,1289135873,280 000 €,3,2,62
Lyon 9,1289862426,359 000 €,4,3,84
Lyon 9,1282019899,195 000 €,2,1,45
Lyon 9,1289405164,165 000 €,2,1,30
Lyon 9,1289967723,275 000 €,3,2,73
Lyon 9,1288585080,250 000 €,4,3,82
Lyon 9,1289438142,256 000 €,2,1,49
Lyon 9,1289542729,109 000 €,1,,19
Lyon 9,1287945656,196 000 €,4,3,71
Lyon 9,1289375795,249 000 €,4,3,84
Lyon 9,1289510323,290 000 €,3,2,65
Lyon 9,1290041185,375 000 €,4,3,77
Lyon 9,1288749812,310 000 €,3,2,66
Lyon 9,1290105440,128 000 €,2,1,31
Lyon 9,1290079381,595 000 €,5,4,135
Lyon 9,1288313670,300 000 €,3,2,68
Lyon 9,1289646029,140 000 €,2,1,33
Lyon 9,1288749715,228 000 €,2,1,44
Lyon 9,1288749807,249 000 €,4,3,72
Lyon 9,1288297642,162 000 €,4,3,65
Lyon 9,1290033199,220 000 €,6,5,111
Lyon 9,1286823016,267 000 €,4,3,109
Lyon 9,1287643309,199 000 €,4,3,70
Lyon 9,1289902345,185 000 €,2,1,35
Lyon 9,1285903297,299 900 €,5,3,106
Lyon 9,1289996092,190 000 €,4,3,74
Lyon 9,1289083294,241 000 €,3,1,65
Lyon 9,1289083296,328 000 €,5,4,103
Lyon 9,1289083295,296 900 €,4,3,84
Lyon 9,1289085330,295 000 €,3,2,64
Lyon 9,1289974983,215 000 €,3,2,57
Lyon 9,1290009531,284 500 €,4,3,83
Lyon 9,1285593649,82 000 €,1,,18
Lyon 9,1289952417,260 000 €,6,5,112
Lyon 9,1289943898,86 710 €,1,,18
Lyon 9,1288753835,240 000 €,4,3,84
Lyon 9,1288390011,640 000 €,6,4,212
Lyon 9,1289661561,79 890 €,1,,19
Lyon 9,1289907062,430 000 €,3,2,72
Lyon 9,1289907033,720 000 €,5,4,105
Lyon 9,1284967931,119 000 €,2,1,32
Lyon 9,1289627780,149 000 €,2,1,42
Lyon 9,1288694124,210 000 €,3,2,65
Lyon 9,1288671998,270 000 €,3,,72
Lyon 9,1289880071,169 000 €,2,1,58
Lyon 9,1289714957,285 000 €,3,2,65
Lyon 9,1290139659,325 000 €,7,5,135
Lyon 9,1290205317,399 000 €,5,4,107
Lyon 9,1288653132,142 500 €,2,1,39
Lyon 9,1289045500,308 000 €,3,2,71
Lyon 9,1288096513,299 000 €,3,2,79
Lyon 9,1289822486,145 000 €,2,1,36
Lyon 9,1287071020,299 000 €,3,2,65
Lyon 9,1287680472,259 000 €,5,4,94
Lyon 9,1288576019,219 000 €,5,4,85
Lyon 9,1289730172,500 000 €,4,2,89
Lyon 9,1289707588,165 000 €,2,1,50
Lyon 9,1289694828,279 000 €,3,2,81
Lyon 9,1290063149,400 000 €,3,2,72
Lyon 9,1289690177,349 000 €,4,3,105
Lyon 9,1290205314,415 000 €,3,2,78
Lyon 9,1289685995,330 000 €,3,2,61
Lyon 9,1289274616,240 000 €,3,2,72
Lyon 9,1288424427,182 300 €,3,2,75
Lyon 9,1286600386,210 000 €,4,3,72
Lyon 9,1290194103,299 000 €,3,1,72
Lyon 9,1288449293,289 000 €,4,2,100
Lyon 9,1288449501,119 000 €,2,1,24
Lyon 9,1287264416,285 000 €,6,4,116
Lyon 9,1289624965,112 000 € *,1,,17
Lyon 9,1289597669,179 000 €,3,2,66
Lyon 9,1288392754,750 000 €,5,4,166
Lyon 9,1289578484,320 000 €,3,2,64
Lyon 9,1289578480,279 000 €,5,4,98
Lyon 9,1289578476,365 000 €,6,7,126
Lyon 9,1289578473,359 000 €,6,5,128
Lyon 9,1286600725,359 000 €,5,4,110
Lyon 9,1288943354,265 000 €,3,2,74
Lyon 9,1287158065,240 000 €,3,2,66
Lyon 9,1286924112,240 000 €,2,1,59
Lyon 9,1289443344,225 000 €,4,2,60
Lyon 9,1289501538,295 000 €,4,3,83
Lyon 9,1289499946,115 000 € *,2,,34
Lyon 9,1289465067,238 000 €,5,,95
Lyon 9,1288884116,675 000 €,3,2,80
Lyon 9,1288393908,160 000 €,4,3,72
Lyon 9,1287059985,119 500 €,1,,24
Lyon 9,1289416405,129 000 €,2,1,23
Lyon 9,1289060088,225 000 €,3,2,63
Lyon 9,1289101448,415 000 €,4,3,83
Lyon 9,1290151695,319 000 €,3,2,62
Lyon 9,1290063148,690 000 €,5,4,105
Lyon 9,1286996834,229 000 €,4,3,77
Lyon 9,1289305287,90 500 €,1,,19
Lyon 9,1288815980,215 000 €,4,2,69
Lyon 9,1288024851,246 000 €,4,3,84
Lyon 9,1289177742,246 000 € *,3,1,50
Lyon 9,1287965649,449 000 €,6,5,168
Lyon 9,1286600312,790 000 €,6,5,214
Lyon 9,1286600617,250 000 €,4,3,75
Lyon 9,1289152401,405 000 €,4,3,96
Lyon 9,1289134858,520 000 €,5,3,128
Lyon 9,1286795096,139 900 €,2,1,48
Lyon 9,1289087707,300 000 €,3,2,75
Lyon 9,1289085090,499 000 €,5,4,119
Lyon 9,1285884398,116 000 €,1,,37
Lyon 9,1287811231,197 400 €,3,2,70
Lyon 9,1287811235,178 300 €,4,,75
Lyon 9,1287920230,339 000 €,3,2,81
Lyon 9,1286175479,250 000 €,3,2,68
Lyon 9,1286284039,190 000 €,4,,79
Lyon 9,1288539217,197 000 €,2,1,36
Lyon 9,1289050996,240 000 €,4,3,88
Lyon 9,1289050998,200 000 €,2,1,54
